,extremes,gsteukgiCd,gsteukgiNm,gunGbnm,iybudaeCdm,iyyjjongryoYm,iyyjsijakYm,jeopsuJrdtm,jeopsuPcnt,jeopsuSjdtm,mojipGbnm,mojipTms,mojipYy,rate,rnum,seonbalPcnt
0,29,43,기관,해군,해군교육사령부,202405,202405,20240227,59,20240220,일반기술/전문기술병,102,2024,2,1,30
1,501,11,일반,해군,해군교육사령부,202405,202405,20240227,601,20240220,일반기술/전문기술병,102,2024,6,2,100
2,32,11.05,조리,해군,해군교육사령부,202405,202405,20240227,62,20240220,일반기술/전문기술병,102,2024,2.1,3,30
3,52,803,동반_군사경찰,해군,해군교육사령부,202405,202405,20240227,62,20240220,동반입대병,102,2024,6.2,4,10
4,28,B11,(2함대)일반,해군,해군교육사령부,202405,202405,20240227,78,20240220,복무지역선택병,102,2024,1.6,5,50
5,-2,B43,(2함대)기관,해군,해군교육사령부,202405,202405,20240227,8,20240220,복무지역선택병,102,2024,0.8,6,10
6,-1,A11.05,(1함대)조리,해군,해군교육사령부,202405,202405,20240227,9,20240220,복무지역선택병,102,2024,0.9,7,10
7,-1,A43,(1함대)기관,해군,해군교육사령부,202405,202405,20240227,9,20240220,복무지역선택병,102,2024,0.9,8,10
8,0,B11.05,(2함대)조리,해군,해군교육사령부,202405,202405,20240227,10,20240220,복무지역선택병,102,2024,1,9,10
9,32,A11,(1함대)일반,해군,해군교육사령부,202405,202405,20240227,82,20240220,복무지역선택병,102,2024,1.6,10,50
10,-13,900101,군사과학기술병,육군,육군훈련소,202406,202406,20240306,7,20240229,전문특기병,18,2024,0.4,11,20
11,0,311334,지식재산관리병,육군,육군훈련소,202406,202406,20240306,1,20240229,전문특기병,19,2024,1,12,1
12,16,471277,기독교군종병,육군,육군훈련소,202408,202407,20240306,60,20240229,전문특기병,20,2024,1.4,13,44
13,6,471278,천주교군종병,육군,육군훈련소,202408,202407,20240306,18,20240229,전문특기병,21,2024,1.5,14,12
14,4,471279,불교군종병,육군,육군훈련소,202408,202407,20240306,16,20240229,전문특기병,22,2024,1.3,15,12
15,22,175104,정보보호병,육군,육군훈련소,202406,202406,20240306,48,20240229,전문특기병,23,2024,1.8,16,26
16,253,321102,특임군사경찰,육군,육군훈련소,202406,202406,20240306,344,20240229,전문특기병,24,2024,3.8,17,91
17,74,A001,동반입대병,육군,12사단,202407,202407,20240403,172,20240327,동반입대병,4,2024,1.8,18,98
18,74,A001,동반입대병,육군,7사단,202407,202407,20240403,166,20240327,동반입대병,4,2024,1.8,19,92
19,72,A001,동반입대병,육군,6사단,202407,202407,20240403,172,20240327,동반입대병,4,2024,1.7,20,100
20,133,A001,동반입대병,육군,5사단,202407,202407,20240403,233,20240327,동반입대병,4,2024,2.3,21,100
21,130,141.101,발칸운용/정비,육군,육군훈련소,202407,202407,20240404,206,20240328,기술행정병,4,2024,2.7,22,76
22,7,171.102,무선전송장비운용/정비,육군,육군훈련소,202407,202407,20240404,124,20240328,기술행정병,4,2024,1.1,23,117
23,169,171.104,이동통신장비운용/정비,육군,육군훈련소,202407,202407,20240404,264,20240328,기술행정병,4,2024,2.8,24,95
24,82,172.101,MW운용/정비,육군,육군훈련소,202407,202407,20240404,103,20240328,기술행정병,4,2024,4.9,25,21
25,21,175.102,전술C4I운용/정비,육군,육군훈련소,202407,202407,20240404,77,20240328,기술행정병,4,2024,1.4,26,56
26,-1,225.101,탄약관리,육군,육군훈련소,202407,202407,20240404,122,20240328,기술행정병,4,2024,1,27,123
27,21,226.101,장비수리부속공구보급,육군,육군훈련소,202407,202407,20240404,34,20240328,기술행정병,4,2024,2.6,28,13
28,643,241.100,수송운용(차량운전),육군,육군훈련소,202407,202407,20240404,2234,20240328,기술행정병,4,2024,1.4,29,1591
29,189,241.100,수송운용(차량운전),육군,28사단,202407,202407,20240404,313,20240328,기술행정병,4,2024,2.5,30,124
30,187,241.100,수송운용(차량운전),육군,5사단,202407,202407,20240404,243,20240328,기술행정병,4,2024,4.3,31,56
31,17,243.101,항만운용,육군,육군훈련소,202407,202407,20240404,21,20240328,기술행정병,4,2024,5.3,32,4
32,48,321.101,군사경찰,육군,육군훈련소,202407,202407,20240404,212,20240328,기술행정병,4,2024,1.3,33,164
33,9,131.107,K-9자주포조종,육군,육군훈련소,202407,202407,20240404,47,20240328,기술행정병,4,2024,1.2,34,38
34,-11,132.102,K239포병,육군,육군훈련소,202407,202407,20240404,23,20240328,기술행정병,4,2024,0.7,35,34
35,0,133.106,포병레이더,육군,육군훈련소,202407,202407,20240404,3,20240328,기술행정병,4,2024,1,36,3
36,58,141.103,비호운용/정비,육군,육군훈련소,202407,202407,20240404,88,20240328,기술행정병,4,2024,2.9,37,30
37,186,141.105,휴대용유도무기운용/정비,육군,육군훈련소,202407,202407,20240404,205,20240328,기술행정병,4,2024,10.8,38,19
38,-4,163.107,공기압축기운용,육군,육군훈련소,202407,202407,20240404,5,20240328,기술행정병,4,2024,0.6,39,9
39,6,172.102,위성운용/정비,육군,육군훈련소,202407,202407,20240404,47,20240328,기술행정병,4,2024,1.1,40,41
40,23,211.103,화생방제독,육군,육군훈련소,202407,202407,20240404,50,20240328,기술행정병,4,2024,1.9,41,27
41,7,221.102,로켓무기정비,육군,육군훈련소,202407,202407,20240404,9,20240328,기술행정병,4,2024,4.5,42,2
42,0,222.102,화포정비,육군,육군훈련소,202407,202407,20240404,2,20240328,기술행정병,4,2024,1,43,2
43,298,241.100,수송운용(차량운전),육군,55사단,202407,202407,20240404,327,20240328,기술행정병,4,2024,11.3,44,29
44,20,241.107,차량부대정비,육군,육군훈련소,202407,202407,20240404,48,20240328,기술행정병,4,2024,1.7,45,28
45,-2,M161.104,야전건설(중졸),육군,육군훈련소,202407,202407,20240404,0,20240328,기술행정병,4,2024,0,46,2
46,-4,M241.104,견인차량운전(중졸),육군,육군훈련소,202407,202407,20240404,0,20240328,기술행정병,4,2024,0,47,4
47,-15,M241.107,차량부대정비(중졸),육군,육군훈련소,202407,202407,20240404,0,20240328,기술행정병,4,2024,0,48,15
48,-1,M243.102,선박운용(중졸),육군,육군훈련소,202407,202407,20240404,0,20240328,기술행정병,4,2024,0,49,1
49,34,412.105,전문약제,육군,육군훈련소,202407,202407,20240404,41,20240328,기술행정병,4,2024,5.9,50,7
50,-6,132.103,M/A포병,육군,육군훈련소,202407,202407,20240404,4,20240328,기술행정병,4,2024,0.4,51,10
51,30,162.102,소방장비,육군,육군훈련소,202407,202407,20240404,40,20240328,기술행정병,4,2024,4,52,10
52,15,163.114,발전기운용/정비,육군,육군훈련소,202407,202407,20240404,19,20240328,기술행정병,4,2024,4.8,53,4
53,35,231.102,영현등록,육군,육군훈련소,202407,202407,20240404,41,20240328,기술행정병,4,2024,6.8,54,6
54,5,241.108,K-53계열차량운전,육군,육군훈련소,202407,202407,20240404,10,20240328,기술행정병,4,2024,2,55,5
55,0,M224.104,용접/기계공작(중졸),육군,육군훈련소,202407,202407,20240404,1,20240328,기술행정병,4,2024,1,56,1
56,23,412.101,전문간호,육군,육군훈련소,202407,202407,20240404,26,20240328,기술행정병,4,2024,8.7,57,3
57,6,412.104,전문방사선촬영,육군,육군훈련소,202407,202407,20240404,8,20240328,기술행정병,4,2024,4,58,2
58,-89,133.103,사격지휘,육군,육군훈련소,202407,202407,20240404,36,20240328,기술행정병,4,2024,0.3,59,125
59,11,153.101,감시장비운용,육군,육군훈련소,202407,202407,20240404,212,20240328,기술행정병,4,2024,1.1,60,201
60,13,163.108,크레인운용,육군,육군훈련소,202407,202407,20240404,25,20240328,기술행정병,4,2024,2.1,61,12
61,59,163.113,굴착기운용,육군,육군훈련소,202407,202407,20240404,67,20240328,기술행정병,4,2024,8.4,62,8
62,52,211.102,연막,육군,육군훈련소,202407,202407,20240404,78,20240328,기술행정병,4,2024,3,63,26
63,10,222.101,총기정비,육군,육군훈련소,202407,202407,20240404,16,20240328,기술행정병,4,2024,2.7,64,6
64,39,224.104,용접/기계공작,육군,육군훈련소,202407,202407,20240404,40,20240328,기술행정병,4,2024,40,65,1
65,59,241.100,수송운용(차량운전),육군,6사단,202407,202407,20240404,115,20240328,기술행정병,4,2024,2.1,66,56
66,286,241.100,수송운용(차량운전),육군,51사단,202407,202407,20240404,317,20240328,기술행정병,4,2024,10.2,67,31
67,88,242.101,전장이동통제,육군,육군훈련소,202407,202407,20240404,102,20240328,기술행정병,4,2024,7.3,68,14
68,1044,411.101,일반의무,육군,육군훈련소,202407,202407,20240404,1229,20240328,기술행정병,4,2024,6.6,69,185
69,7,412.102,전문치과,육군,육군훈련소,202407,202407,20240404,8,20240328,기술행정병,4,2024,8,70,1
70,37,141.107,천호운용/정비,육군,육군훈련소,202407,202407,20240404,46,20240328,기술행정병,4,2024,5.1,71,9
71,47,162.104,전기설비,육군,육군훈련소,202407,202407,20240404,48,20240328,기술행정병,4,2024,48,72,1
72,26,211.101,화생방,육군,육군훈련소,202407,202407,20240404,31,20240328,기술행정병,4,2024,6.2,73,5
73,13,223.103,무선장비정비,육군,육군훈련소,202407,202407,20240404,21,20240328,기술행정병,4,2024,2.6,74,8
74,8,411.103,수의,육군,육군훈련소,202407,202407,20240404,37,20240328,기술행정병,4,2024,1.3,75,29
75,23,152.101,신호정보/전자전운용,육군,육군훈련소,202407,202407,20240404,31,20240328,기술행정병,4,2024,3.9,76,8
76,51,123.101,장갑차조종,육군,육군훈련소,202407,202407,20240404,92,20240328,기술행정병,4,2024,2.2,77,41
77,159,143.101,방공레이더운용/정비,육군,육군훈련소,202407,202407,20240404,176,20240328,기술행정병,4,2024,10.4,78,17
78,62,151.101,군사정보,육군,육군훈련소,202407,202407,20240404,89,20240328,기술행정병,4,2024,3.3,79,27
79,4,163.104,도하장비조종,육군,육군훈련소,202407,202407,20240404,11,20240328,기술행정병,4,2024,1.6,80,7
80,6,171.107,교환시설운용/정비,육군,육군훈련소,202407,202407,20240404,11,20240328,기술행정병,4,2024,2.2,81,5
81,-8,174.101,레이다운용/정비,육군,육군훈련소,202407,202407,20240404,34,20240328,기술행정병,4,2024,0.8,82,42
82,25,175.103,정보체계운용/정비,육군,육군훈련소,202407,202407,20240404,50,20240328,기술행정병,4,2024,2,83,25
83,35,181.101,항공운항/관제,육군,육군훈련소,202407,202407,20240404,48,20240328,기술행정병,4,2024,3.7,84,13
84,9,241.104,견인차량운전,육군,육군훈련소,202407,202407,20240404,58,20240328,기술행정병,4,2024,1.2,85,49
85,8,241.106,차륜형장갑차운전,육군,육군훈련소,202407,202407,20240404,25,20240328,기술행정병,4,2024,1.5,86,17
86,-1,M162.104,전기설비(중졸),육군,육군훈련소,202407,202407,20240404,0,20240328,기술행정병,4,2024,0,87,1
87,-1,M241.105,지게차운전(중졸),육군,육군훈련소,202407,202407,20240404,0,20240328,기술행정병,4,2024,0,88,1
88,-1,M241.109,구난차량운전(중졸),육군,육군훈련소,202407,202407,20240404,0,20240328,기술행정병,4,2024,0,89,1
89,3,412.103,전문임상병리,육군,육군훈련소,202407,202407,20240404,4,20240328,기술행정병,4,2024,4,90,1
90,6,131.104,K-55자주포조종,육군,육군훈련소,202407,202407,20240404,48,20240328,기술행정병,4,2024,1.1,91,42
91,1,131.106,K-55자주포정비,육군,육군훈련소,202407,202407,20240404,6,20240328,기술행정병,4,2024,1.2,92,5
92,119,171.101,전술통신장비운용/정비,육군,육군훈련소,202407,202407,20240404,477,20240328,기술행정병,4,2024,1.3,93,358
93,6,224.106,화생방장비정비,육군,육군훈련소,202407,202407,20240404,9,20240328,기술행정병,4,2024,3,94,3
94,45,231.101,편성보급,육군,육군훈련소,202407,202407,20240404,84,20240328,기술행정병,4,2024,2.2,95,39
95,116,231.107,조리,육군,육군훈련소,202407,202407,20240404,364,20240328,기술행정병,4,2024,1.5,96,248
96,96,241.100,수송운용(차량운전),육군,3사단,202407,202407,20240404,222,20240328,기술행정병,4,2024,1.8,97,126
97,7,241.109,구난차량운전,육군,육군훈련소,202407,202407,20240404,20,20240328,기술행정병,4,2024,1.5,98,13
98,-1,M163.113,굴착기운용(중졸),육군,육군훈련소,202407,202407,20240404,0,20240328,기술행정병,4,2024,0,99,1
99,-8,M231.107,조리(중졸),육군,육군훈련소,202407,202407,20240404,0,20240328,기술행정병,4,2024,0,100,8
100,-25,M241.100,수송운용(중졸),육군,육군훈련소,202407,202407,20240404,0,20240328,기술행정병,4,2024,0,101,25
101,9,412.106,전문물리치료,육군,육군훈련소,202407,202407,20240404,12,20240328,기술행정병,4,2024,4,102,3
102,-9,152.103,땅굴탐지,육군,육군훈련소,202407,202407,20240404,9,20240328,기술행정병,4,2024,0.5,103,18
103,41,161.104,야전건설,육군,육군훈련소,202407,202407,20240404,50,20240328,기술행정병,4,2024,5.6,104,9
104,14,162.103,배관/기계설비,육군,육군훈련소,202407,202407,20240404,15,20240328,기술행정병,4,2024,15,105,1
105,6,163.105,정수장비운용,육군,육군훈련소,202407,202407,20240404,16,20240328,기술행정병,4,2024,1.6,106,10
106,1,163.115,공병장비부대정비,육군,육군훈련소,202407,202407,20240404,3,20240328,기술행정병,4,2024,1.5,107,2
107,24,175.101,네트워크운용/정비,육군,육군훈련소,202407,202407,20240404,62,20240328,기술행정병,4,2024,1.6,108,38
108,33,224.101,차량정비,육군,육군훈련소,202407,202407,20240404,34,20240328,기술행정병,4,2024,34,109,1
109,37,231.103,지원보급,육군,육군훈련소,202407,202407,20240404,52,20240328,기술행정병,4,2024,3.5,110,15
110,52,241.105,지게차운전,육군,육군훈련소,202407,202407,20240404,65,20240328,기술행정병,4,2024,5,111,13
111,6,243.102,선박운용,육군,육군훈련소,202407,202407,20240404,8,20240328,기술행정병,4,2024,4,112,2
112,5,11.05,조리,해군,해군교육사령부,202405,202405,20240409,25,20240405,일반기술/전문기술병,202,2024,1.3,113,20
113,1,43,기관,해군,해군교육사령부,202405,202405,20240409,21,20240405,일반기술/전문기술병,202,2024,1.1,114,20
114,81,11,일반,해군,해군교육사령부,202405,202405,20240409,91,20240405,일반기술/전문기술병,202,2024,9.1,115,10
115,1,A43,(1함대)기관,해군,해군교육사령부,202405,202405,20240409,3,20240405,복무지역선택병,202,2024,1.5,116,2
116,-4,A11.05,(1함대)조리,해군,해군교육사령부,202405,202405,20240409,6,20240405,복무지역선택병,202,2024,0.6,117,10
117,-1,B43,(2함대)기관,해군,해군교육사령부,202405,202405,20240409,3,20240405,복무지역선택병,202,2024,0.8,118,4
118,-9,B11.05,(2함대)조리,해군,해군교육사령부,202405,202405,20240409,8,20240405,복무지역선택병,202,2024,0.5,119,17
119,36,A11,(1함대)일반,해군,해군교육사령부,202405,202405,20240409,86,20240405,복무지역선택병,202,2024,1.7,120,50
120,23,B11,(2함대)일반,해군,해군교육사령부,202405,202405,20240409,93,20240405,복무지역선택병,202,2024,1.3,121,70
121,-11,471279,불교군종병,육군,육군훈련소,202410,202409,20240605,0,20240530,전문특기병,60,2024,0,122,11
122,-8,E00001,국군체육특기병,육군,육군훈련소,202411,202411,20240604,0,20240531,전문특기병,61,2024,0,123,8
123,-76,141.101,발칸운용/정비,육군,육군훈련소,202409,202409,20240604,0,20240528,기술행정병,6,2024,0,124,76
124,-18,152.103,땅굴탐지,육군,육군훈련소,202409,202409,20240604,0,20240528,기술행정병,6,2024,0,125,18
125,-199,153.101,감시장비운용,육군,육군훈련소,202409,202409,20240604,0,20240528,기술행정병,6,2024,0,126,199
126,-1,162.104,전기설비,육군,육군훈련소,202409,202409,20240604,0,20240528,기술행정병,6,2024,0,127,1
127,-2,222.104,감시장비정비,육군,육군훈련소,202409,202409,20240604,0,20240528,기술행정병,6,2024,0,128,2
128,-8,243.101,항만운용,육군,육군훈련소,202409,202409,20240604,0,20240528,기술행정병,6,2024,0,129,8
129,-4,M161.104,야전건설(중졸),육군,육군훈련소,202409,202409,20240604,0,20240528,기술행정병,6,2024,0,130,4
130,-1,M163.113,굴착기운용(중졸),육군,육군훈련소,202409,202409,20240604,0,20240528,기술행정병,6,2024,0,131,1
131,-70,133.103,사격지휘,육군,육군훈련소,202409,202409,20240604,0,20240528,기술행정병,6,2024,0,132,70
132,-1,163.115,공병장비부대정비,육군,육군훈련소,202409,202409,20240604,0,20240528,기술행정병,6,2024,0,133,1
133,-87,171.102,무선전송장비운용/정비,육군,육군훈련소,202409,202409,20240604,0,20240528,기술행정병,6,2024,0,134,87
134,-41,174.101,레이다운용/정비,육군,육군훈련소,202409,202409,20240604,0,20240528,기술행정병,6,2024,0,135,41
135,-27,175.103,정보체계운용/정비,육군,육군훈련소,202409,202409,20240604,0,20240528,기술행정병,6,2024,0,136,27
136,-3,224.106,화생방장비정비,육군,육군훈련소,202409,202409,20240604,0,20240528,기술행정병,6,2024,0,137,3
137,-43,241.106,차륜형장갑차운전,육군,육군훈련소,202409,202409,20240604,0,20240528,기술행정병,6,2024,0,138,43
138,-15,411.108,의무보급,육군,육군훈련소,202409,202409,20240604,0,20240528,기술행정병,6,2024,0,139,15
139,-7,M231.107,조리(중졸),육군,육군훈련소,202409,202409,20240604,0,20240528,기술행정병,6,2024,0,140,7
140,-1,M241.109,구난차량운전(중졸),육군,육군훈련소,202409,202409,20240604,0,20240528,기술행정병,6,2024,0,141,1
141,-1,412.103,전문임상병리,육군,육군훈련소,202409,202409,20240604,0,20240528,기술행정병,6,2024,0,142,1
142,-9,151.101,군사정보,육군,육군훈련소,202409,202409,20240604,0,20240528,기술행정병,6,2024,0,143,9
143,-9,163.112,로더운전,육군,육군훈련소,202409,202409,20240604,0,20240528,기술행정병,6,2024,0,144,9
144,-56,241.100,수송운용(차량운전),육군,5사단,202409,202409,20240604,0,20240528,기술행정병,6,2024,0,145,56
145,-56,241.100,수송운용(차량운전),육군,6사단,202409,202409,20240604,0,20240528,기술행정병,6,2024,0,146,56
146,-5,131.106,K-55자주포정비,육군,육군훈련소,202409,202409,20240604,0,20240528,기술행정병,6,2024,0,147,5
147,-10,163.102,다목적굴착기운전,육군,육군훈련소,202409,202409,20240604,0,20240528,기술행정병,6,2024,0,148,10
148,-71,182.104,기동헬기운용,육군,육군훈련소,202409,202409,20240604,0,20240528,기술행정병,6,2024,0,149,71
149,-2,211.101,화생방,육군,육군훈련소,202409,202409,20240604,0,20240528,기술행정병,6,2024,0,150,2
150,-97,225.101,탄약관리,육군,육군훈련소,202409,202409,20240604,0,20240528,기술행정병,6,2024,0,151,97
151,-13,241.113,크레인차량운전,육군,육군훈련소,202409,202409,20240604,0,20240528,기술행정병,6,2024,0,152,13
152,-4,243.102,선박운용,육군,육군훈련소,202409,202409,20240604,0,20240528,기술행정병,6,2024,0,153,4
153,-82,321.101,군사경찰,육군,육군훈련소,202409,202409,20240604,0,20240528,기술행정병,6,2024,0,154,82
154,-9,141.107,천호운용/정비,육군,육군훈련소,202409,202409,20240604,0,20240528,기술행정병,6,2024,0,155,9
155,-8,152.101,신호정보/전자전운용,육군,육군훈련소,202409,202409,20240604,0,20240528,기술행정병,6,2024,0,156,8
156,-12,123.102,장갑차부대정비,육군,육군훈련소,202409,202409,20240604,0,20240528,기술행정병,6,2024,0,157,12
157,-40,131.107,K-9자주포조종,육군,육군훈련소,202409,202409,20240604,0,20240528,기술행정병,6,2024,0,158,40
158,-40,141.103,비호운용/정비,육군,육군훈련소,202409,202409,20240604,0,20240528,기술행정병,6,2024,0,159,40
159,-4,163.101,장갑전투도저운전,육군,육군훈련소,202409,202409,20240604,0,20240528,기술행정병,6,2024,0,160,4
160,-176,171.101,전술통신장비운용/정비,육군,육군훈련소,202409,202409,20240604,0,20240528,기술행정병,6,2024,0,161,176
161,-46,171.104,이동통신장비운용/정비,육군,육군훈련소,202409,202409,20240604,0,20240528,기술행정병,6,2024,0,162,46
162,-27,211.102,연막,육군,육군훈련소,202409,202409,20240604,0,20240528,기술행정병,6,2024,0,163,27
163,-62,211.103,화생방제독,육군,육군훈련소,202409,202409,20240604,0,20240528,기술행정병,6,2024,0,164,62
164,-7,222.103,광학기재정비,육군,육군훈련소,202409,202409,20240604,0,20240528,기술행정병,6,2024,0,165,7
165,-223,231.107,조리,육군,육군훈련소,202409,202409,20240604,0,20240528,기술행정병,6,2024,0,166,223
166,-1400,241.100,수송운용(차량운전),육군,육군훈련소,202409,202409,20240604,0,20240528,기술행정병,6,2024,0,167,1400
167,-28,241.100,수송운용(차량운전),육군,55사단,202409,202409,20240604,0,20240528,기술행정병,6,2024,0,168,28
168,-40,241.107,차량부대정비,육군,육군훈련소,202409,202409,20240604,0,20240528,기술행정병,6,2024,0,169,40
169,-20,123.101,장갑차조종,육군,육군훈련소,202409,202409,20240604,0,20240528,기술행정병,6,2024,0,170,20
170,-34,132.102,K239포병,육군,육군훈련소,202409,202409,20240604,0,20240528,기술행정병,6,2024,0,171,34
171,-25,141.106,천마운용/정비,육군,육군훈련소,202409,202409,20240604,0,20240528,기술행정병,6,2024,0,172,25
172,-6,163.104,도하장비조종,육군,육군훈련소,202409,202409,20240604,0,20240528,기술행정병,6,2024,0,173,6
173,-5,171.107,교환시설운용/정비,육군,육군훈련소,202409,202409,20240604,0,20240528,기술행정병,6,2024,0,174,5
174,-20,172.102,위성운용/정비,육군,육군훈련소,202409,202409,20240604,0,20240528,기술행정병,6,2024,0,175,20
175,-31,241.100,수송운용(차량운전),육군,51사단,202409,202409,20240604,0,20240528,기술행정병,6,2024,0,176,31
176,-25,241.104,견인차량운전,육군,육군훈련소,202409,202409,20240604,0,20240528,기술행정병,6,2024,0,177,25
177,-26,242.101,전장이동통제,육군,육군훈련소,202409,202409,20240604,0,20240528,기술행정병,6,2024,0,178,26
178,-199,411.101,일반의무,육군,육군훈련소,202409,202409,20240604,0,20240528,기술행정병,6,2024,0,179,199
179,-3,412.106,전문물리치료,육군,육군훈련소,202409,202409,20240604,0,20240528,기술행정병,6,2024,0,180,3
180,-25,122.101,K계열전차부대정비,육군,육군훈련소,202409,202409,20240604,0,20240528,기술행정병,6,2024,0,181,25
181,-79,123.103,K-21보병전투차량승무,육군,육군훈련소,202409,202409,20240604,0,20240528,기술행정병,6,2024,0,182,79
182,-42,131.104,K-55자주포조종,육군,육군훈련소,202409,202409,20240604,0,20240528,기술행정병,6,2024,0,183,42
183,-6,163.113,굴착기운용,육군,육군훈련소,202409,202409,20240604,0,20240528,기술행정병,6,2024,0,184,6
184,-2,163.114,발전기운용/정비,육군,육군훈련소,202409,202409,20240604,0,20240528,기술행정병,6,2024,0,185,2
185,-8,172.101,MW운용/정비,육군,육군훈련소,202409,202409,20240604,0,20240528,기술행정병,6,2024,0,186,8
186,-3,224.101,차량정비,육군,육군훈련소,202409,202409,20240604,0,20240528,기술행정병,6,2024,0,187,3
187,-5,224.102,공병장비정비,육군,육군훈련소,202409,202409,20240604,0,20240528,기술행정병,6,2024,0,188,5
188,-13,226.101,장비수리부속공구보급,육군,육군훈련소,202409,202409,20240604,0,20240528,기술행정병,6,2024,0,189,13
189,-44,231.101,편성보급,육군,육군훈련소,202409,202409,20240604,0,20240528,기술행정병,6,2024,0,190,44
190,-56,241.100,수송운용(차량운전),육군,3사단,202409,202409,20240604,0,20240528,기술행정병,6,2024,0,191,56
191,-1,M162.104,전기설비(중졸),육군,육군훈련소,202409,202409,20240604,0,20240528,기술행정병,6,2024,0,192,1
192,-2,M241.104,견인차량운전(중졸),육군,육군훈련소,202409,202409,20240604,0,20240528,기술행정병,6,2024,0,193,2
193,-22,121.102,M계열전차승무,육군,육군훈련소,202409,202409,20240604,0,20240528,기술행정병,6,2024,0,194,22
194,-19,141.105,휴대용유도무기운용/정비,육군,육군훈련소,202409,202409,20240604,0,20240528,기술행정병,6,2024,0,195,19
195,-24,161.104,야전건설,육군,육군훈련소,202409,202409,20240604,0,20240528,기술행정병,6,2024,0,196,24
196,-58,175.101,네트워크운용/정비,육군,육군훈련소,202409,202409,20240604,0,20240528,기술행정병,6,2024,0,197,58
197,-37,175.102,전술C4I운용/정비,육군,육군훈련소,202409,202409,20240604,0,20240528,기술행정병,6,2024,0,198,37
198,-16,231.103,지원보급,육군,육군훈련소,202409,202409,20240604,0,20240528,기술행정병,6,2024,0,199,16
199,-13,241.109,구난차량운전,육군,육군훈련소,202409,202409,20240604,0,20240528,기술행정병,6,2024,0,200,13
200,-10,331.101,재정회계,육군,육군훈련소,202409,202409,20240604,0,20240528,기술행정병,6,2024,0,201,10
201,-20,M241.100,수송운용(중졸),육군,육군훈련소,202409,202409,20240604,0,20240528,기술행정병,6,2024,0,202,20
202,-5,M241.107,차량부대정비(중졸),육군,육군훈련소,202409,202409,20240604,0,20240528,기술행정병,6,2024,0,203,5
203,14,H001,연고지복무병,육군,15사단,202405,202405,20240205,17,20240129,연고지복무병,2,2024,5.7,204,3
204,16,H001,연고지복무병,육군,21사단,202405,202405,20240205,19,20240129,연고지복무병,2,2024,6.3,205,3
205,45,H001,연고지복무병,육군,6사단,202405,202405,20240205,53,20240129,연고지복무병,2,2024,6.6,206,8
206,65,H001,연고지복무병,육군,5사단,202405,202405,20240205,81,20240129,연고지복무병,2,2024,5.1,207,16
207,10,H001,연고지복무병,육군,7사단,202405,202405,20240205,13,20240129,연고지복무병,2,2024,4.3,208,3
208,15,H001,연고지복무병,육군,3사단,202405,202405,20240205,23,20240129,연고지복무병,2,2024,2.9,209,8
209,51,H001,연고지복무병,육군,28사단,202405,202405,20240205,63,20240129,연고지복무병,2,2024,5.3,210,12
210,30,H001,연고지복무병,육군,12사단,202405,202405,20240205,36,20240129,연고지복무병,2,2024,6,211,6
211,3,D001,직계가족복무부대지원입대병,육군,7사단,202405,202405,20240205,7,20240129,직계가족병,2,2024,1.8,212,4
212,5,D001,직계가족복무부대지원입대병,육군,28사단,202405,202405,20240205,13,20240129,직계가족병,2,2024,1.6,213,8
213,7,D001,직계가족복무부대지원입대병,육군,21사단,202405,202405,20240205,12,20240129,직계가족병,2,2024,2.4,214,5
214,3,D001,직계가족복무부대지원입대병,육군,12사단,202405,202405,20240205,9,20240129,직계가족병,2,2024,1.5,215,6
215,19,D001,직계가족복무부대지원입대병,육군,3사단,202405,202405,20240205,27,20240129,직계가족병,2,2024,3.4,216,8
216,3,D001,직계가족복무부대지원입대병,육군,15사단,202405,202405,20240205,7,20240129,직계가족병,2,2024,1.8,217,4
217,18,D001,직계가족복무부대지원입대병,육군,6사단,202405,202405,20240205,26,20240129,직계가족병,2,2024,3.3,218,8
218,2,D001,직계가족복무부대지원입대병,육군,5사단,202405,202405,20240205,18,20240129,직계가족병,2,2024,1.1,219,16
219,453,A001,동반입대병,육군,5사단,202405,202405,20240205,597,20240129,동반입대병,2,2024,4.1,220,144
220,144,A001,동반입대병,육군,15사단,202405,202405,20240205,192,20240129,동반입대병,2,2024,4,221,48
221,382,A001,동반입대병,육군,51사단,202405,202405,20240205,422,20240129,동반입대병,2,2024,10.6,222,40
222,298,A001,동반입대병,육군,3사단,202405,202405,20240205,398,20240129,동반입대병,2,2024,4,223,100
223,419,A001,동반입대병,육군,55사단,202405,202405,20240205,459,20240129,동반입대병,2,2024,11.5,224,40
224,290,A001,동반입대병,육군,6사단,202405,202405,20240205,390,20240129,동반입대병,2,2024,3.9,225,100
225,148,A001,동반입대병,육군,7사단,202405,202405,20240205,194,20240129,동반입대병,2,2024,4.2,226,46
226,124,A001,동반입대병,육군,21사단,202405,202405,20240205,166,20240129,동반입대병,2,2024,4,227,42
227,233,A001,동반입대병,육군,12사단,202405,202405,20240205,313,20240129,동반입대병,2,2024,3.9,228,80
228,170,A001,동반입대병,육군,36사단,202405,202405,20240205,196,20240129,동반입대병,2,2024,7.5,229,26
229,605,A001,동반입대병,육군,28사단,202405,202405,20240205,799,20240129,동반입대병,2,2024,4.1,230,194
230,-47,43,기관,해군,해군교육사령부,202405,202405,20240206,19,20240130,일반기술/전문기술병,2,2024,0.3,231,66
231,-37,11.05,조리,해군,해군교육사령부,202405,202405,20240206,43,20240130,일반기술/전문기술병,2,2024,0.5,232,80
232,5,43.44,전기,해군,해군교육사령부,202405,202405,20240206,48,20240130,일반기술/전문기술병,2,2024,1.1,233,43
233,52,11.24,항공,해군,해군교육사령부,202405,202405,20240206,61,20240130,일반기술/전문기술병,2,2024,6.8,234,9
234,34,25,통신,해군,해군교육사령부,202405,202405,20240206,74,20240130,일반기술/전문기술병,2,2024,1.9,235,40
235,83,49,의무,해군,해군교육사령부,202405,202405,20240206,115,20240130,일반기술/전문기술병,2,2024,3.6,236,32
236,34,43.39,화생방,해군,해군교육사령부,202405,202405,20240206,44,20240130,일반기술/전문기술병,2,2024,4.4,237,10
237,42,11.02,전산,해군,해군교육사령부,202405,202405,20240206,67,20240130,일반기술/전문기술병,2,2024,2.7,238,25
238,46,11.26,전자,해군,해군교육사령부,202405,202405,20240206,68,20240130,일반기술/전문기술병,2,2024,3.1,239,22
239,13,46,건축/토목,해군,해군교육사령부,202405,202405,20240206,43,20240130,일반기술/전문기술병,2,2024,1.4,240,30
240,147,11,일반,해군,해군교육사령부,202405,202405,20240206,735,20240130,일반기술/전문기술병,2,2024,1.3,241,588
241,512,48,수송,해군,해군교육사령부,202405,202405,20240206,585,20240130,일반기술/전문기술병,2,2024,8,242,73
242,26,802,동반_갑판,해군,해군교육사령부,202405,202405,20240206,56,20240130,동반입대병,2,2024,1.9,243,30
243,51,803,동반_군사경찰,해군,해군교육사령부,202405,202405,20240206,81,20240130,동반입대병,2,2024,2.7,244,30
244,-136,B11,(2함대)일반,해군,해군교육사령부,202405,202405,20240206,29,20240130,복무지역선택병,2,2024,0.2,245,165
245,-97,A11,(1함대)일반,해군,해군교육사령부,202405,202405,20240206,26,20240130,복무지역선택병,2,2024,0.2,246,123
246,-14,B43,(2함대)기관,해군,해군교육사령부,202405,202405,20240206,2,20240130,복무지역선택병,2,2024,0.1,247,16
247,-22,B11.05,(2함대)조리,해군,해군교육사령부,202405,202405,20240206,0,20240130,복무지역선택병,2,2024,0,248,22
248,-9,A43,(1함대)기관,해군,해군교육사령부,202405,202405,20240206,0,20240130,복무지역선택병,2,2024,0,249,9
249,-18,A11.05,(1함대)조리,해군,해군교육사령부,202405,202405,20240206,0,20240130,복무지역선택병,2,2024,0,250,18
250,43,36,군악병,해군,해군교육사령부,202405,202405,20240206,62,20240130,군악병,2,2024,3.3,251,19
251,1,36.01,문화홍보병,해군,해군교육사령부,202405,202405,20240206,3,20240130,문화홍보병,2,2024,1.5,252,2
252,-8,55.03,어학병_중국어,해군,해군교육사령부,202405,202405,20240206,3,20240130,어학병,2,2024,0.3,253,11
253,5,55.02,어학병_일본어,해군,해군교육사령부,202405,202405,20240206,8,20240130,어학병,2,2024,2.7,254,3
254,-11,11.05,조리,해군,해군교육사령부,202406,202406,20240422,42,20240411,일반기술/전문기술병,103,2024,0.8,255,53
255,-14,43,기관,해군,해군교육사령부,202406,202406,20240422,28,20240411,일반기술/전문기술병,103,2024,0.7,256,42
256,192,11,일반,해군,해군교육사령부,202406,202406,20240422,342,20240411,일반기술/전문기술병,103,2024,2.3,257,150
257,-16,802,동반_갑판,해군,해군교육사령부,202406,202406,20240422,14,20240411,동반입대병,103,2024,0.5,258,30
258,8,803,동반_군사경찰,해군,해군교육사령부,202406,202406,20240422,38,20240411,동반입대병,103,2024,1.3,259,30
259,-31,A11,(1함대)일반,해군,해군교육사령부,202406,202406,20240422,49,20240411,복무지역선택병,103,2024,0.6,260,80
260,-46,B11,(2함대)일반,해군,해군교육사령부,202406,202406,20240422,54,20240411,복무지역선택병,103,2024,0.5,261,100
261,-7,A11.05,(1함대)조리,해군,해군교육사령부,202406,202406,20240422,3,20240411,복무지역선택병,103,2024,0.3,262,10
262,-8,B43,(2함대)기관,해군,해군교육사령부,202406,202406,20240422,2,20240411,복무지역선택병,103,2024,0.2,263,10
263,-13,B11.05,(2함대)조리,해군,해군교육사령부,202406,202406,20240422,2,20240411,복무지역선택병,103,2024,0.1,264,15
264,-3,A43,(1함대)기관,해군,해군교육사령부,202406,202406,20240422,2,20240411,복무지역선택병,103,2024,0.4,265,5
265,6,19.03,공병,해병,해병대교육훈련단,202406,202406,20240419,36,20240411,일반기술/전문기술병,103,2024,1.2,266,30
266,6,23.01,무기정비,해병,해병대교육훈련단,202406,202406,20240419,16,20240411,일반기술/전문기술병,103,2024,1.6,267,10
267,207,17.01,일반,해병,해병대교육훈련단,202406,202406,20240419,407,20240411,일반기술/전문기술병,103,2024,2,268,200
268,48,32.01,수송,해병,해병대교육훈련단,202406,202406,20240419,98,20240411,일반기술/전문기술병,103,2024,2,269,50
269,5,17.05,화학,해병,해병대교육훈련단,202406,202406,20240419,15,20240411,일반기술/전문기술병,103,2024,1.5,270,10
270,-1,902,유급_기관.기체,공군,공군교육사령부,202405,202405,20240103,0,20240101,임기제부사관,992,2023,0,271,1
271,-3,11.05,조리,해군,해군교육사령부,202408,202408,20240508,17,20240430,일반기술/전문기술병,5,2024,0.9,272,20
272,23,49,의무,해군,해군교육사령부,202408,202408,20240508,52,20240430,일반기술/전문기술병,5,2024,1.8,273,29
273,10,11.24,항공,해군,해군교육사령부,202408,202408,20240508,17,20240430,일반기술/전문기술병,5,2024,2.4,274,7
274,0,11.26,전자,해군,해군교육사령부,202408,202408,20240508,11,20240430,일반기술/전문기술병,5,2024,1,275,11
275,124,11,일반,해군,해군교육사령부,202408,202408,20240508,220,20240430,일반기술/전문기술병,5,2024,2.3,276,96
276,191,48,수송,해군,해군교육사령부,202408,202408,20240508,239,20240430,일반기술/전문기술병,5,2024,5,277,48
277,10,11.02,전산,해군,해군교육사령부,202408,202408,20240508,20,20240430,일반기술/전문기술병,5,2024,2,278,10
278,-22,43,기관,해군,해군교육사령부,202408,202408,20240508,16,20240430,일반기술/전문기술병,5,2024,0.4,279,38
279,-3,43.39,화생방,해군,해군교육사령부,202408,202408,20240508,9,20240430,일반기술/전문기술병,5,2024,0.8,280,12
280,7,46,건축/토목,해군,해군교육사령부,202408,202408,20240508,9,20240430,일반기술/전문기술병,5,2024,4.5,281,2
281,5,25,통신,해군,해군교육사령부,202408,202408,20240508,21,20240430,일반기술/전문기술병,5,2024,1.3,282,16
282,-3,43.44,전기,해군,해군교육사령부,202408,202408,20240508,17,20240430,일반기술/전문기술병,5,2024,0.9,283,20
283,-19,803,동반_군사경찰,해군,해군교육사령부,202408,202408,20240508,11,20240430,동반입대병,5,2024,0.4,284,30
284,4,802,동반_갑판,해군,해군교육사령부,202408,202408,20240508,14,20240430,동반입대병,5,2024,1.4,285,10
285,-9,B43,(2함대)기관,해군,해군교육사령부,202408,202408,20240508,0,20240430,복무지역선택병,5,2024,0,286,9
286,-5,A43,(1함대)기관,해군,해군교육사령부,202408,202408,20240508,0,20240430,복무지역선택병,5,2024,0,287,5
287,-26,A11,(1함대)일반,해군,해군교육사령부,202408,202408,20240508,4,20240430,복무지역선택병,5,2024,0.1,288,30
288,-4,A11.05,(1함대)조리,해군,해군교육사령부,202408,202408,20240508,1,20240430,복무지역선택병,5,2024,0.2,289,5
289,-26,B11,(2함대)일반,해군,해군교육사령부,202408,202408,20240508,15,20240430,복무지역선택병,5,2024,0.4,290,41
290,-5,B11.05,(2함대)조리,해군,해군교육사령부,202408,202408,20240508,0,20240430,복무지역선택병,5,2024,0,291,5
291,38,36,군악병,해군,해군교육사령부,202408,202408,20240508,50,20240430,군악병,5,2024,4.2,292,12
292,4,36.01,문화홍보병,해군,해군교육사령부,202408,202408,20240508,6,20240430,문화홍보병,5,2024,3,293,2
293,7,55.01,어학병_영어,해군,해군교육사령부,202408,202408,20240508,12,20240430,어학병,5,2024,2.4,294,5
294,-10,55.03,어학병_중국어,해군,해군교육사령부,202408,202408,20240508,0,20240430,어학병,5,2024,0,295,10
295,-5,55.02,어학병_일본어,해군,해군교육사령부,202408,202408,20240508,2,20240430,어학병,5,2024,0.3,296,7
296,2,58,전문정보병,해군,해군교육사령부,202408,202408,20240508,3,20240430,전문정보병,5,2024,3,297,1
297,-1,53.01,군종병_기독교,해군,해군교육사령부,202408,202408,20240508,1,20240430,군종병,5,2024,0.5,298,2
298,-1,53.02,군종병_천주교,해군,해군교육사령부,202408,202408,20240508,0,20240430,군종병,5,2024,0,299,1
299,-1,53.03,군종병_불교,해군,해군교육사령부,202408,202408,20240508,0,20240430,군종병,5,2024,0,300,1
300,-1,59,정보보호병,해군,해군교육사령부,202408,202408,20240508,4,20240430,정보보호병,5,2024,0.8,301,5
301,3,61,CBT병,해군,해군교육사령부,202408,202408,20240508,4,20240430,CBT병,5,2024,4,302,1
302,7,60,전문의무병,해군,해군교육사령부,202408,202408,20240508,8,20240430,전문의무병,5,2024,8,303,1
303,-2,64,위생관리병,해군,해군교육사령부,202408,202408,20240508,6,20240430,위생관리병,5,2024,0.8,304,8
304,3163,11,일반,공군,공군교육사령부,202408,202408,20240508,4034,20240430,일반기술/전문기술병(전문화관리병포함),5,2024,4.6,305,871
305,438,21,통신전자전기,공군,공군교육사령부,202408,202408,20240508,735,20240430,일반기술/전문기술병(전문화관리병포함),5,2024,2.5,306,297
306,85,16,화생방,공군,공군교육사령부,202408,202408,20240508,115,20240430,일반기술/전문기술병(전문화관리병포함),5,2024,3.8,307,30
307,225,18,기계,공군,공군교육사령부,202408,202408,20240508,409,20240430,일반기술/전문기술병(전문화관리병포함),5,2024,2.2,308,184
308,155,15,전자계산,공군,공군교육사령부,202408,202408,20240508,199,20240430,일반기술/전문기술병(전문화관리병포함),5,2024,4.5,309,44
309,100,17,의무,공군,공군교육사령부,202408,202408,20240508,106,20240430,일반기술/전문기술병(전문화관리병포함),5,2024,17.7,310,6
310,885,19,차량운전,공군,공군교육사령부,202408,202408,20240508,1125,20240430,일반기술/전문기술병(전문화관리병포함),5,2024,4.7,311,240
311,2,20,차량정비,공군,공군교육사령부,202408,202408,20240508,29,20240430,일반기술/전문기술병(전문화관리병포함),5,2024,1.1,312,27
312,9,24,의장병,공군,공군교육사령부,202408,202408,20240508,24,20240430,의장병,5,2024,1.6,313,15
313,14,55.01,어학병_영어,해군,해군교육사령부,202405,202405,20240206,23,20240130,어학병,2,2024,2.6,314,9
314,2,58,전문정보병,해군,해군교육사령부,202405,202405,20240206,4,20240130,전문정보병,2,2024,2,315,2
315,-1,53.01,군종병_기독교,해군,해군교육사령부,202405,202405,20240206,3,20240130,군종병,2,2024,0.8,316,4
316,-2,53.02,군종병_천주교,해군,해군교육사령부,202405,202405,20240206,0,20240130,군종병,2,2024,0,317,2
317,-1,53.03,군종병_불교,해군,해군교육사령부,202405,202405,20240206,0,20240130,군종병,2,2024,0,318,1
318,8,59,정보보호병,해군,해군교육사령부,202405,202405,20240206,13,20240130,정보보호병,2,2024,2.6,319,5
319,2,63,빅데이터분석병,해군,해군교육사령부,202405,202405,20240206,3,20240130,빅데이터분석병,2,2024,3,320,1
320,0,60,전문의무병,해군,해군교육사령부,202405,202405,20240206,1,20240130,전문의무병,2,2024,1,321,1
321,-3,64,위생관리병,해군,해군교육사령부,202405,202405,20240206,6,20240130,위생관리병,2,2024,0.7,322,9
322,93,32.01,수송,해병,해병대교육훈련단,202405,202405,20240206,288,20240130,일반기술/전문기술병,2,2024,1.5,323,195
323,573,17.01,일반,해병,해병대교육훈련단,202405,202405,20240206,1381,20240130,일반기술/전문기술병,2,2024,1.7,324,808
324,12,19.03,공병,해병,해병대교육훈련단,202405,202405,20240206,66,20240130,일반기술/전문기술병,2,2024,1.2,325,54
325,11,17.05,화학,해병,해병대교육훈련단,202405,202405,20240206,31,20240130,일반기술/전문기술병,2,2024,1.6,326,20
326,136,17.04,수색,해병,해병대교육훈련단,202405,202405,20240206,146,20240130,일반기술/전문기술병,2,2024,14.6,327,10
327,12,23.01,무기정비,해병,해병대교육훈련단,202405,202405,20240206,43,20240130,일반기술/전문기술병,2,2024,1.4,328,31
328,150,80,동반입대병,해병,해병대교육훈련단,202405,202405,20240206,256,20240130,동반입대병,2,2024,2.4,329,106
329,-11,D001,직계가족복무부대지원입대병,해병,해병대교육훈련단,202405,202405,20240206,9,20240130,직계가족병,2,2024,0.5,330,20
330,17,66,군악병,해병,해병대교육훈련단,202405,202405,20240206,23,20240130,군악병,2,2024,3.8,331,6
331,452,18,기계,공군,공군교육사령부,202405,202405,20240206,599,20240130,일반기술/전문기술병(전문화관리병포함),2,2024,4.1,332,147
332,1726,19,차량운전,공군,공군교육사령부,202405,202405,20240206,1886,20240130,일반기술/전문기술병(전문화관리병포함),2,2024,11.8,333,160
333,165,15,전자계산,공군,공군교육사령부,202405,202405,20240206,192,20240130,일반기술/전문기술병(전문화관리병포함),2,2024,7.1,334,27
334,167,16,화생방,공군,공군교육사령부,202405,202405,20240206,207,20240130,일반기술/전문기술병(전문화관리병포함),2,2024,5.2,335,40
335,108,17,의무,공군,공군교육사령부,202405,202405,20240206,112,20240130,일반기술/전문기술병(전문화관리병포함),2,2024,28,336,4
336,5123,11,일반,공군,공군교육사령부,202405,202405,20240206,6205,20240130,일반기술/전문기술병(전문화관리병포함),2,2024,5.7,337,1082
337,66,20,차량정비,공군,공군교육사령부,202405,202405,20240206,85,20240130,일반기술/전문기술병(전문화관리병포함),2,2024,4.5,338,19
338,732,21,통신전자전기,공군,공군교육사령부,202405,202405,20240206,1105,20240130,일반기술/전문기술병(전문화관리병포함),2,2024,3,339,373
339,14,24,의장병,공군,공군교육사령부,202405,202405,20240206,24,20240130,의장병,2,2024,2.4,340,10
340,40,25,군악병,공군,공군교육사령부,202405,202405,20240206,65,20240130,군악병,2,2024,2.6,341,25
341,41,31,특수임무군사경찰,공군,공군교육사령부,202405,202405,20240206,51,20240130,특수임무군사경찰,2,2024,5.1,342,10
342,27,30,정보보호병,공군,공군교육사령부,202405,202405,20240206,34,20240130,정보보호병,2,2024,4.9,343,7
343,161,26,어학병,공군,공군교육사령부,202405,202405,20240206,175,20240130,어학병,2,2024,12.5,344,14
344,28,34,군견관리병,공군,공군교육사령부,202405,202405,20240206,31,20240130,군견관리병,2,2024,10.3,345,3
345,37,40,정훈병,공군,공군교육사령부,202405,202405,20240206,41,20240130,정훈병,2,2024,10.3,346,4
346,32,55,무인항공기운용병,공군,공군교육사령부,202405,202405,20240206,36,20240130,무인항공기운용병,2,2024,9,347,4
347,10,45.01,교육훈련_3D모델링,공군,공군교육사령부,202405,202405,20240206,11,20240130,교육훈련매체개발병,2,2024,11,348,1
348,0,44,전문자격의무병,공군,공군교육사령부,202405,202405,20240206,2,20240130,전문자격의무병,2,2024,1,349,2
349,1,46,비파괴검사병,공군,공군교육사령부,202505,202505,20240206,2,20240130,비파괴검사병,2,2024,2,350,1
350,0,42.03,식별보조_러시아어,공군,공군교육사령부,202405,202405,20240206,1,20240130,식별보조병,2,2024,1,351,1
351,4,42.01,식별보조_중국어,공군,공군교육사령부,202405,202405,20240206,5,20240130,식별보조병,2,2024,5,352,1
352,19,53,조리병,공군,공군교육사령부,202405,202405,20240206,24,20240130,조리병,2,2024,4.8,353,5
353,24,41.01,콘텐츠_그래픽디자인,공군,공군교육사령부,202405,202405,20240206,25,20240130,콘텐츠제작병,2,2024,25,354,1
354,23,111275,유해발굴기록병,육군,육군훈련소,202406,202405,20240207,37,20240201,전문특기병,9,2024,2.6,355,14
355,22,111284,의장병,육군,육군훈련소,202406,202405,20240207,42,20240201,전문특기병,10,2024,2.1,356,20
356,267,342.101.,군악,육군,육군훈련소,202405,202405,20240207,396,20240201,전문특기병,11,2024,3.1,357,129
357,56,111292,훈련소조교병,육군,육군훈련소,202406,202405,20240207,116,20240201,전문특기병,12,2024,1.9,358,60
358,30,111000,JSA경비병,육군,육군훈련소,202406,202405,20240207,50,20240201,전문특기병,13,2024,2.5,359,20
359,36,152101,신호정보/전자전운용,육군,육군훈련소,202405,202405,20240207,46,20240201,전문특기병,14,2024,4.6,360,10
360,129,156101,드론운용/정비병,육군,육군훈련소,202405,202405,20240207,142,20240201,전문특기병,15,2024,10.9,361,13
361,258,112100,특전병,육군,육군훈련소,202406,202405,20240207,380,20240201,전문특기병,16,2024,3.1,362,122
362,22,175105,SW개발병,육군,육군훈련소,202406,202406,20240207,23,20240201,전문특기병,17,2024,23,363,1
363,112,172.101,MW운용/정비,육군,육군훈련소,202405,202405,20240206,133,20240130,기술행정병,2,2024,6.3,364,21
364,56,224.101,차량정비,육군,육군훈련소,202405,202405,20240206,63,20240130,기술행정병,2,2024,9,365,7
365,141,225.101,탄약관리,육군,육군훈련소,202405,202405,20240206,227,20240130,기술행정병,2,2024,2.6,366,86
366,98,231.103,지원보급,육군,육군훈련소,202405,202405,20240206,114,20240130,기술행정병,2,2024,7.1,367,16
367,99,331.101,재정회계,육군,육군훈련소,202405,202405,20240206,110,20240130,기술행정병,2,2024,10,368,11
368,-2,M161.104,야전건설(중졸),육군,육군훈련소,202405,202405,20240206,0,20240130,기술행정병,2,2024,0,369,2
369,-4,M241.104,견인차량운전(중졸),육군,육군훈련소,202405,202405,20240206,0,20240130,기술행정병,2,2024,0,370,4
370,-10,M241.107,차량부대정비(중졸),육군,육군훈련소,202405,202405,20240206,0,20240130,기술행정병,2,2024,0,371,10
371,2,412.104,전문방사선촬영,육군,육군훈련소,202405,202405,20240206,4,20240130,기술행정병,2,2024,2,372,2
372,14,412.106,전문물리치료,육군,육군훈련소,202405,202405,20240206,17,20240130,기술행정병,2,2024,5.7,373,3
373,51,152.101,신호정보/전자전운용,육군,육군훈련소,202405,202405,20240206,59,20240130,기술행정병,2,2024,7.4,374,8
374,145,121.101,K계열전차승무,육군,육군훈련소,202405,202405,20240206,333,20240130,기술행정병,2,2024,1.8,375,188
375,128,141.102,오리콘운용/정비,육군,육군훈련소,202405,202405,20240206,141,20240130,기술행정병,2,2024,10.8,376,13
376,301,153.101,감시장비운용,육군,육군훈련소,202405,202405,20240206,499,20240130,기술행정병,2,2024,2.5,377,198
377,52,163.113,굴착기운용,육군,육군훈련소,202405,202405,20240206,61,20240130,기술행정병,2,2024,6.8,378,9
378,135,211.103,화생방제독,육군,육군훈련소,202405,202405,20240206,224,20240130,기술행정병,2,2024,2.5,379,89
379,33,222.103,광학기재정비,육군,육군훈련소,202405,202405,20240206,43,20240130,기술행정병,2,2024,4.3,380,10
380,19,224.103,발전기정비,육군,육군훈련소,202405,202405,20240206,21,20240130,기술행정병,2,2024,10.5,381,2
381,332,231.107,조리,육군,육군훈련소,202405,202405,20240206,583,20240130,기술행정병,2,2024,2.3,382,251
382,421,241.100,수송운용(차량운전),육군,55사단,202405,202405,20240206,450,20240130,기술행정병,2,2024,15.5,383,29
383,1,412.102,전문치과,육군,육군훈련소,202405,202405,20240206,2,20240130,기술행정병,2,2024,2,384,1
384,44,162.104,전기설비,육군,육군훈련소,202405,202405,20240206,45,20240130,기술행정병,2,2024,45,385,1
385,-4,163.102,다목적굴착기운전,육군,육군훈련소,202405,202405,20240206,8,20240130,기술행정병,2,2024,0.7,386,12
386,189,171.102,무선전송장비운용/정비,육군,육군훈련소,202405,202405,20240206,306,20240130,기술행정병,2,2024,2.6,387,117
387,127,175.101,네트워크운용/정비,육군,육군훈련소,202405,202405,20240206,187,20240130,기술행정병,2,2024,3.1,388,60
388,16,222.104,감시장비정비,육군,육군훈련소,202405,202405,20240206,21,20240130,기술행정병,2,2024,4.2,389,5
389,16,223.101,유선장비정비,육군,육군훈련소,202405,202405,20240206,23,20240130,기술행정병,2,2024,3.3,390,7
390,70,226.101,장비수리부속공구보급,육군,육군훈련소,202405,202405,20240206,83,20240130,기술행정병,2,2024,6.4,391,13
391,13,241.107,차량부대정비,육군,육군훈련소,202405,202405,20240206,93,20240130,기술행정병,2,2024,1.2,392,80
392,22,241.113,크레인차량운전,육군,육군훈련소,202405,202405,20240206,36,20240130,기술행정병,2,2024,2.6,393,14
393,0,M163.113,굴착기운용(중졸),육군,육군훈련소,202405,202405,20240206,1,20240130,기술행정병,2,2024,1,394,1
394,4,412.101,전문간호,육군,육군훈련소,202405,202405,20240206,7,20240130,기술행정병,2,2024,2.3,395,3
395,0,412.103,전문임상병리,육군,육군훈련소,202405,202405,20240206,1,20240130,기술행정병,2,2024,1,396,1
396,38,123.103,K-21보병전투차량승무,육군,육군훈련소,202405,202405,20240206,104,20240130,기술행정병,2,2024,1.6,397,66
397,27,132.102,K239포병,육군,육군훈련소,202405,202405,20240206,61,20240130,기술행정병,2,2024,1.8,398,34
398,118,141.103,비호운용/정비,육군,육군훈련소,202405,202405,20240206,148,20240130,기술행정병,2,2024,4.9,399,30
399,103,151.101,군사정보,육군,육군훈련소,202405,202405,20240206,116,20240130,기술행정병,2,2024,8.9,400,13
400,48,161.104,야전건설,육군,육군훈련소,202405,202405,20240206,61,20240130,기술행정병,2,2024,4.7,401,13
401,38,162.102,소방장비,육군,육군훈련소,202405,202405,20240206,44,20240130,기술행정병,2,2024,7.3,402,6
402,9,163.114,발전기운용/정비,육군,육군훈련소,202405,202405,20240206,10,20240130,기술행정병,2,2024,10,403,1
403,58,211.101,화생방,육군,육군훈련소,202405,202405,20240206,60,20240130,기술행정병,2,2024,30,404,2
404,19,222.101,총기정비,육군,육군훈련소,202405,202405,20240206,25,20240130,기술행정병,2,2024,4.2,405,6
405,16,222.105,전차정비,육군,육군훈련소,202405,202405,20240206,32,20240130,기술행정병,2,2024,2,406,16
406,553,241.100,수송운용(차량운전),육군,5사단,202405,202405,20240206,721,20240130,기술행정병,2,2024,4.3,407,168
407,-8,M231.107,조리(중졸),육군,육군훈련소,202405,202405,20240206,0,20240130,기술행정병,2,2024,0,408,8
408,3,131.104,K-55자주포조종,육군,육군훈련소,202405,202405,20240206,117,20240130,기술행정병,2,2024,1,409,114
409,19,171.107,교환시설운용/정비,육군,육군훈련소,202405,202405,20240206,25,20240130,기술행정병,2,2024,4.2,410,6
410,86,175.103,정보체계운용/정비,육군,육군훈련소,202405,202405,20240206,114,20240130,기술행정병,2,2024,4.1,411,28
411,49,181.101,항공운항/관제,육군,육군훈련소,202405,202405,20240206,62,20240130,기술행정병,2,2024,4.8,412,13
412,7,224.106,화생방장비정비,육군,육군훈련소,202405,202405,20240206,10,20240130,기술행정병,2,2024,3.3,413,3
413,405,241.100,수송운용(차량운전),육군,51사단,202405,202405,20240206,436,20240130,기술행정병,2,2024,14.1,414,31
414,54,241.105,지게차운전,육군,육군훈련소,202405,202405,20240206,66,20240130,기술행정병,2,2024,5.5,415,12
415,30,241.106,차륜형장갑차운전,육군,육군훈련소,202405,202405,20240206,47,20240130,기술행정병,2,2024,2.8,416,17
416,-19,M241.100,수송운용(중졸),육군,육군훈련소,202405,202405,20240206,1,20240130,기술행정병,2,2024,0.1,417,20
417,2,412.105,전문약제,육군,육군훈련소,202405,202405,20240206,9,20240130,기술행정병,2,2024,1.3,418,7
418,115,123.101,장갑차조종,육군,육군훈련소,202405,202405,20240206,279,20240130,기술행정병,2,2024,1.7,419,164
419,281,141.101,발칸운용/정비,육군,육군훈련소,202405,202405,20240206,357,20240130,기술행정병,2,2024,4.7,420,76
420,2,222.102,화포정비,육군,육군훈련소,202405,202405,20240206,4,20240130,기술행정병,2,2024,2,421,2
421,14,224.102,공병장비정비,육군,육군훈련소,202405,202405,20240206,19,20240130,기술행정병,2,2024,3.8,422,5
422,28,243.101,항만운용,육군,육군훈련소,202405,202405,20240206,31,20240130,기술행정병,2,2024,10.3,423,3
423,27,131.107,K-9자주포조종,육군,육군훈련소,202405,202405,20240206,133,20240130,기술행정병,2,2024,1.3,424,106
424,5,133.103,사격지휘,육군,육군훈련소,202405,202405,20240206,80,20240130,기술행정병,2,2024,1.1,425,75
425,426,141.105,휴대용유도무기운용/정비,육군,육군훈련소,202405,202405,20240206,445,20240130,기술행정병,2,2024,23.4,426,19
426,48,163.105,정수장비운용,육군,육군훈련소,202405,202405,20240206,58,20240130,기술행정병,2,2024,5.8,427,10
427,65,172.102,위성운용/정비,육군,육군훈련소,202405,202405,20240206,83,20240130,기술행정병,2,2024,4.6,428,18
428,120,175.102,전술C4I운용/정비,육군,육군훈련소,202405,202405,20240206,156,20240130,기술행정병,2,2024,4.3,429,36
429,44,182.104,기동헬기운용,육군,육군훈련소,202405,202405,20240206,68,20240130,기술행정병,2,2024,2.8,430,24
430,41,224.107,의무장비정비,육군,육군훈련소,202405,202405,20240206,45,20240130,기술행정병,2,2024,11.3,431,4
431,74,231.101,편성보급,육군,육군훈련소,202405,202405,20240206,81,20240130,기술행정병,2,2024,11.6,432,7
432,215,241.100,수송운용(차량운전),육군,6사단,202405,202405,20240206,271,20240130,기술행정병,2,2024,4.8,433,56
433,206,241.100,수송운용(차량운전),육군,3사단,202405,202405,20240206,262,20240130,기술행정병,2,2024,4.7,434,56
434,311,241.100,수송운용(차량운전),육군,28사단,202405,202405,20240206,365,20240130,기술행정병,2,2024,6.8,435,54
435,74,241.104,견인차량운전,육군,육군훈련소,202405,202405,20240206,122,20240130,기술행정병,2,2024,2.5,436,48
436,9,243.102,선박운용,육군,육군훈련소,202405,202405,20240206,11,20240130,기술행정병,2,2024,5.5,437,2
437,-1,M162.104,전기설비(중졸),육군,육군훈련소,202405,202405,20240206,0,20240130,기술행정병,2,2024,0,438,1
438,-1,M241.105,지게차운전(중졸),육군,육군훈련소,202405,202405,20240206,0,20240130,기술행정병,2,2024,0,439,1
439,63,123.102,장갑차부대정비,육군,육군훈련소,202405,202405,20240206,74,20240130,기술행정병,2,2024,6.7,440,11
440,532,171.101,전술통신장비운용/정비,육군,육군훈련소,202405,202405,20240206,711,20240130,기술행정병,2,2024,4,441,179
441,62,174.101,레이다운용/정비,육군,육군훈련소,202405,202405,20240206,104,20240130,기술행정병,2,2024,2.5,442,42
442,22,223.103,무선장비정비,육군,육군훈련소,202405,202405,20240206,30,20240130,기술행정병,2,2024,3.8,443,8
443,2758,241.100,수송운용(차량운전),육군,육군훈련소,202405,202405,20240206,3875,20240130,기술행정병,2,2024,3.5,444,1117
444,202,321.101,군사경찰,육군,육군훈련소,202405,202405,20240206,284,20240130,기술행정병,2,2024,3.5,445,82
445,778,411.101,일반의무,육군,육군훈련소,202405,202405,20240206,958,20240130,기술행정병,2,2024,5.3,446,180
446,29,25,군악병,공군,공군교육사령부,202408,202408,20240508,49,20240430,군악병,5,2024,2.5,447,20
447,23,31,특수임무군사경찰,공군,공군교육사령부,202408,202408,20240508,33,20240430,특수임무군사경찰,5,2024,3.3,448,10
448,8,30,정보보호병,공군,공군교육사령부,202408,202408,20240508,15,20240430,정보보호병,5,2024,2.1,449,7
449,23,54,IT개발관리병,공군,공군교육사령부,202408,202408,20240508,27,20240430,IT개발관리병,5,2024,6.8,450,4
450,24,40,정훈병,공군,공군교육사령부,202408,202408,20240508,28,20240430,정훈병,5,2024,7,451,4
451,34,55,무인항공기운용병,공군,공군교육사령부,202408,202408,20240508,41,20240430,무인항공기운용병,5,2024,5.9,452,7
452,4,45.04,교육훈련_영상/사진,공군,공군교육사령부,202408,202408,20240508,5,20240430,교육훈련매체개발병,5,2024,5,453,1
453,1,44,전문자격의무병,공군,공군교육사령부,202408,202408,20240508,3,20240430,전문자격의무병,5,2024,1.5,454,2
454,3,46,비파괴검사병,공군,공군교육사령부,202408,202408,20240508,4,20240430,비파괴검사병,5,2024,4,455,1
455,7,42.01,식별보조_중국어,공군,공군교육사령부,202408,202408,20240508,8,20240430,식별보조병,5,2024,8,456,1
456,5,50,운항관리병,공군,공군교육사령부,202408,202408,20240508,6,20240430,운항관리병,5,2024,6,457,1
457,13,53,조리병,공군,공군교육사령부,202408,202408,20240508,19,20240430,조리병,5,2024,3.2,458,6
458,9,H001,연고지복무병,육군,21사단,202408,202408,20240507,17,20240429,연고지복무병,5,2024,2.1,459,8
459,-8,H001,연고지복무병,육군,3사단,202408,202408,20240507,8,20240429,연고지복무병,5,2024,0.5,460,16
460,5,H001,연고지복무병,육군,12사단,202408,202408,20240507,11,20240429,연고지복무병,5,2024,1.8,461,6
461,0,H001,연고지복무병,육군,7사단,202408,202408,20240507,6,20240429,연고지복무병,5,2024,1,462,6
462,15,H001,연고지복무병,육군,5사단,202408,202408,20240507,31,20240429,연고지복무병,5,2024,1.9,463,16
463,17,H001,연고지복무병,육군,28사단,202408,202408,20240507,29,20240429,연고지복무병,5,2024,2.4,464,12
464,0,H001,연고지복무병,육군,15사단,202408,202408,20240507,6,20240429,연고지복무병,5,2024,1,465,6
465,13,H001,연고지복무병,육군,6사단,202408,202408,20240507,37,20240429,연고지복무병,5,2024,1.5,466,24
466,-7,D001,직계가족복무부대지원입대병,육군,7사단,202408,202408,20240507,1,20240429,직계가족병,5,2024,0.1,467,8
467,-1,D001,직계가족복무부대지원입대병,육군,12사단,202408,202408,20240507,5,20240429,직계가족병,5,2024,0.8,468,6
468,-6,D001,직계가족복무부대지원입대병,육군,6사단,202408,202408,20240507,18,20240429,직계가족병,5,2024,0.8,469,24
469,4,D001,직계가족복무부대지원입대병,육군,21사단,202408,202408,20240507,13,20240429,직계가족병,5,2024,1.4,470,9
470,1,D001,직계가족복무부대지원입대병,육군,3사단,202408,202408,20240507,17,20240429,직계가족병,5,2024,1.1,471,16
471,-3,D001,직계가족복무부대지원입대병,육군,5사단,202408,202408,20240507,13,20240429,직계가족병,5,2024,0.8,472,16
472,-3,D001,직계가족복무부대지원입대병,육군,28사단,202408,202408,20240507,4,20240429,직계가족병,5,2024,0.6,473,7
473,-7,D001,직계가족복무부대지원입대병,육군,15사단,202408,202408,20240507,1,20240429,직계가족병,5,2024,0.1,474,8
474,-16,A001,동반입대병,육군,12사단,202408,202408,20240507,64,20240429,동반입대병,5,2024,0.8,475,80
475,38,A001,동반입대병,육군,36사단,202408,202408,20240507,64,20240429,동반입대병,5,2024,2.5,476,26
476,-18,A001,동반입대병,육군,6사단,202408,202408,20240507,246,20240429,동반입대병,5,2024,0.9,477,264
477,-6,A001,동반입대병,육군,3사단,202408,202408,20240507,194,20240429,동반입대병,5,2024,1,478,200
478,208,A001,동반입대병,육군,55사단,202408,202408,20240507,286,20240429,동반입대병,5,2024,3.7,479,78
479,20,A001,동반입대병,육군,5사단,202408,202408,20240507,180,20240429,동반입대병,5,2024,1.1,480,160
480,0,A001,동반입대병,육군,15사단,202408,202408,20240507,56,20240429,동반입대병,5,2024,1,481,56
481,-14,A001,동반입대병,육군,21사단,202408,202408,20240507,70,20240429,동반입대병,5,2024,0.8,482,84
482,226,A001,동반입대병,육군,51사단,202408,202408,20240507,326,20240429,동반입대병,5,2024,3.3,483,100
483,8,A001,동반입대병,육군,7사단,202408,202408,20240507,60,20240429,동반입대병,5,2024,1.2,484,52
484,66,A001,동반입대병,육군,28사단,202408,202408,20240507,166,20240429,동반입대병,5,2024,1.7,485,100
485,-5,17.05,화학,해병,해병대교육훈련단,202408,202408,20240508,13,20240430,일반기술/전문기술병,5,2024,0.7,486,18
486,-110,17.01,일반,해병,해병대교육훈련단,202408,202408,20240508,624,20240430,일반기술/전문기술병,5,2024,0.9,487,734
487,-12,23.01,무기정비,해병,해병대교육훈련단,202408,202408,20240508,17,20240430,일반기술/전문기술병,5,2024,0.6,488,29
488,75,17.04,수색,해병,해병대교육훈련단,202408,202408,20240508,84,20240430,일반기술/전문기술병,5,2024,9.3,489,9
489,-30,19.03,공병,해병,해병대교육훈련단,202408,202408,20240508,20,20240430,일반기술/전문기술병,5,2024,0.4,490,50
490,-51,32.01,수송,해병,해병대교육훈련단,202408,202408,20240508,128,20240430,일반기술/전문기술병,5,2024,0.7,491,179
491,8,66,군악병,해병,해병대교육훈련단,202408,202408,20240508,13,20240430,군악병,5,2024,2.6,492,5
492,28,80,동반입대병,해병,해병대교육훈련단,202408,202408,20240508,134,20240430,동반입대병,5,2024,1.3,493,106
493,-12,D001,직계가족복무부대지원입대병,해병,해병대교육훈련단,202408,202408,20240508,8,20240430,직계가족병,5,2024,0.4,494,20
494,13,0001604,일본어어학병,육군,육군훈련소,202409,202408,20240507,16,20240501,어학병,5,2024,5.3,495,3
495,26,0001604,일본어어학병,육군,육군훈련소,202409,202408,20240507,32,20240501,어학병,5,2024,5.3,496,6
496,22,0001605,중국어어학병,육군,육군훈련소,202408,202407,20240507,52,20240501,어학병,6,2024,1.7,497,30
497,7,0001610,아랍어어학병,육군,육군훈련소,202408,202408,20240507,11,20240501,어학병,7,2024,2.8,498,4
498,7,0001606,러시아어어학병,육군,육군훈련소,202407,202407,20240507,14,20240501,어학병,8,2024,2,499,7
499,-10,900101,군사과학기술병,육군,육군훈련소,202408,202408,20240507,10,20240501,전문특기병,42,2024,0.5,500,20
500,-2,311334,지식재산관리병,육군,육군훈련소,202407,202407,20240507,0,20240501,전문특기병,43,2024,0,501,2
501,0,152296,탐지분석병,육군,육군훈련소,202408,202407,20240507,2,20240501,전문특기병,44,2024,1,502,2
502,144,321102,특임군사경찰,육군,육군훈련소,202409,202409,20240507,235,20240501,전문특기병,45,2024,2.6,503,91
503,-9,175104,정보보호병,육군,육군훈련소,202409,202409,20240507,17,20240501,전문특기병,47,2024,0.7,504,26
504,13,175105,SW개발병,육군,육군훈련소,202410,202410,20240507,15,20240501,전문특기병,48,2024,7.5,505,2
505,-3,321103,MC군사경찰,육군,육군훈련소,202410,202408,20240507,31,20240501,전문특기병,46,2024,0.9,506,34
506,-19,11.05,조리,해군,해군교육사령부,202406,202406,20240516,11,20240509,일반기술/전문기술병,203,2024,0.4,507,30
507,-29,11,일반,해군,해군교육사령부,202406,202406,20240516,121,20240509,일반기술/전문기술병,203,2024,0.8,508,150
508,-45,43,기관,해군,해군교육사령부,202406,202406,20240516,5,20240509,일반기술/전문기술병,203,2024,0.1,509,50
509,-2,803,동반_군사경찰,해군,해군교육사령부,202406,202406,20240516,8,20240509,동반입대병,203,2024,0.8,510,10
510,-6,802,동반_갑판,해군,해군교육사령부,202406,202406,20240516,4,20240509,동반입대병,203,2024,0.4,511,10
511,-21,A11,(1함대)일반,해군,해군교육사령부,202406,202406,20240516,9,20240509,복무지역선택병,203,2024,0.3,512,30
512,-7,B43,(2함대)기관,해군,해군교육사령부,202406,202406,20240516,3,20240509,복무지역선택병,203,2024,0.3,513,10
513,-5,A43,(1함대)기관,해군,해군교육사령부,202406,202406,20240516,0,20240509,복무지역선택병,203,2024,0,514,5
514,-9,A11.05,(1함대)조리,해군,해군교육사령부,202406,202406,20240516,1,20240509,복무지역선택병,203,2024,0.1,515,10
515,-30,B11,(2함대)일반,해군,해군교육사령부,202406,202406,20240516,20,20240509,복무지역선택병,203,2024,0.4,516,50
516,-14,B11.05,(2함대)조리,해군,해군교육사령부,202406,202406,20240516,1,20240509,복무지역선택병,203,2024,0.1,517,15
517,-6,122.103,M계열전차부대정비,육군,육군훈련소,202408,202408,20240508,5,20240430,기술행정병,5,2024,0.5,518,11
518,-6,123.104,K-21보병전투차량부대정비,육군,육군훈련소,202408,202408,20240508,8,20240430,기술행정병,5,2024,0.6,519,14
519,-88,133.103,사격지휘,육군,육군훈련소,202408,202408,20240508,17,20240430,기술행정병,5,2024,0.2,520,105
520,150,141.105,휴대용유도무기운용/정비,육군,육군훈련소,202408,202408,20240508,169,20240430,기술행정병,5,2024,8.9,521,19
521,42,162.104,전기설비,육군,육군훈련소,202408,202408,20240508,43,20240430,기술행정병,5,2024,43,522,1
522,392,241.100,수송운용(차량운전),육군,육군훈련소,202408,202408,20240508,1326,20240430,기술행정병,5,2024,1.4,523,934
523,108,241.100,수송운용(차량운전),육군,5사단,202408,202408,20240508,220,20240430,기술행정병,5,2024,2,524,112
524,27,341.102,영상제작,육군,육군훈련소,202408,202408,20240508,28,20240430,기술행정병,5,2024,28,525,1
525,563,411.101,일반의무,육군,육군훈련소,202408,202408,20240508,743,20240430,기술행정병,5,2024,4.1,526,180
526,-1,M241.105,지게차운전(중졸),육군,육군훈련소,202408,202408,20240508,0,20240430,기술행정병,5,2024,0,527,1
527,25,412.105,전문약제,육군,육군훈련소,202408,202408,20240508,32,20240430,기술행정병,5,2024,4.6,528,7
528,-2,122.101,K계열전차부대정비,육군,육군훈련소,202408,202408,20240508,23,20240430,기술행정병,5,2024,0.9,529,25
529,-4,123.101,장갑차조종,육군,육군훈련소,202408,202408,20240508,56,20240430,기술행정병,5,2024,0.9,530,60
530,4,133.107,포병측지,육군,육군훈련소,202408,202408,20240508,5,20240430,기술행정병,5,2024,5,531,1
531,48,171.101,전술통신장비운용/정비,육군,육군훈련소,202408,202408,20240508,226,20240430,기술행정병,5,2024,1.3,532,178
532,11,226.101,장비수리부속공구보급,육군,육군훈련소,202408,202408,20240508,25,20240430,기술행정병,5,2024,1.8,533,14
533,31,231.103,지원보급,육군,육군훈련소,202408,202408,20240508,39,20240430,기술행정병,5,2024,4.9,534,8
534,7,231.106,물자근무지원,육군,육군훈련소,202408,202408,20240508,43,20240430,기술행정병,5,2024,1.2,535,36
535,81,141.106,천마운용/정비,육군,육군훈련소,202408,202408,20240508,107,20240430,기술행정병,5,2024,4.1,536,26
536,18,161.104,야전건설,육군,육군훈련소,202408,202408,20240508,32,20240430,기술행정병,5,2024,2.3,537,14
537,10,162.102,소방장비,육군,육군훈련소,202408,202408,20240508,20,20240430,기술행정병,5,2024,2,538,10
538,6,222.103,광학기재정비,육군,육군훈련소,202408,202408,20240508,8,20240430,기술행정병,5,2024,4,539,2
539,-20,M241.100,수송운용(중졸),육군,육군훈련소,202408,202408,20240508,0,20240430,기술행정병,5,2024,0,540,20
540,-2,M241.104,견인차량운전(중졸),육군,육군훈련소,202408,202408,20240508,0,20240430,기술행정병,5,2024,0,541,2
541,-15,132.102,K239포병,육군,육군훈련소,202408,202408,20240508,19,20240430,기술행정병,5,2024,0.6,542,34
542,114,141.104,방공작전통제,육군,육군훈련소,202408,202408,20240508,137,20240430,기술행정병,5,2024,6,543,23
543,10,163.105,정수장비운용,육군,육군훈련소,202408,202408,20240508,19,20240430,기술행정병,5,2024,2.1,544,9
544,11,163.112,로더운전,육군,육군훈련소,202408,202408,20240508,20,20240430,기술행정병,5,2024,2.2,545,9
545,-25,171.102,무선전송장비운용/정비,육군,육군훈련소,202408,202408,20240508,63,20240430,기술행정병,5,2024,0.7,546,88
546,1,171.107,교환시설운용/정비,육군,육군훈련소,202408,202408,20240508,7,20240430,기술행정병,5,2024,1.2,547,6
547,22,172.102,위성운용/정비,육군,육군훈련소,202408,202408,20240508,42,20240430,기술행정병,5,2024,2.1,548,20
548,2,175.101,네트워크운용/정비,육군,육군훈련소,202408,202408,20240508,43,20240430,기술행정병,5,2024,1,549,41
549,16,175.103,정보체계운용/정비,육군,육군훈련소,202408,202408,20240508,44,20240430,기술행정병,5,2024,1.6,550,28
550,25,211.104,화생방정찰,육군,육군훈련소,202408,202408,20240508,76,20240430,기술행정병,5,2024,1.5,551,51
551,30,224.101,차량정비,육군,육군훈련소,202408,202408,20240508,31,20240430,기술행정병,5,2024,31,552,1
552,220,241.100,수송운용(차량운전),육군,51사단,202408,202408,20240508,263,20240430,기술행정병,5,2024,6.1,553,43
553,21,412.101,전문간호,육군,육군훈련소,202408,202408,20240508,24,20240430,기술행정병,5,2024,8,554,3
554,-29,131.104,K-55자주포조종,육군,육군훈련소,202408,202408,20240508,13,20240430,기술행정병,5,2024,0.3,555,42
555,31,141.103,비호운용/정비,육군,육군훈련소,202408,202408,20240508,61,20240430,기술행정병,5,2024,2,556,30
556,38,151.101,군사정보,육군,육군훈련소,202408,202408,20240508,65,20240430,기술행정병,5,2024,2.4,557,27
557,69,172.101,MW운용/정비,육군,육군훈련소,202408,202408,20240508,91,20240430,기술행정병,5,2024,4.1,558,22
558,18,211.103,화생방제독,육군,육군훈련소,202408,202408,20240508,42,20240430,기술행정병,5,2024,1.8,559,24
559,5,222.104,감시장비정비,육군,육군훈련소,202408,202408,20240508,7,20240430,기술행정병,5,2024,3.5,560,2
560,-41,225.101,탄약관리,육군,육군훈련소,202408,202408,20240508,51,20240430,기술행정병,5,2024,0.6,561,92
561,152,241.100,수송운용(차량운전),육군,28사단,202408,202408,20240508,260,20240430,기술행정병,5,2024,2.4,562,108
562,29,241.105,지게차운전,육군,육군훈련소,202408,202408,20240508,41,20240430,기술행정병,5,2024,3.4,563,12
563,-7,241.113,크레인차량운전,육군,육군훈련소,202408,202408,20240508,7,20240430,기술행정병,5,2024,0.5,564,14
564,-1,M241.109,구난차량운전(중졸),육군,육군훈련소,202408,202408,20240508,0,20240430,기술행정병,5,2024,0,565,1
565,4,412.104,전문방사선촬영,육군,육군훈련소,202408,202408,20240508,6,20240430,기술행정병,5,2024,3,566,2
566,3,152.101,신호정보/전자전운용,육군,육군훈련소,202408,202408,20240508,40,20240430,기술행정병,5,2024,1.1,567,37
567,-16,131.107,K-9자주포조종,육군,육군훈련소,202408,202408,20240508,24,20240430,기술행정병,5,2024,0.6,568,40
568,-63,153.101,감시장비운용,육군,육군훈련소,202408,202408,20240508,139,20240430,기술행정병,5,2024,0.7,569,202
569,9,175.102,전술C4I운용/정비,육군,육군훈련소,202408,202408,20240508,47,20240430,기술행정병,5,2024,1.2,570,38
570,7,224.102,공병장비정비,육군,육군훈련소,202408,202408,20240508,13,20240430,기술행정병,5,2024,2.2,571,6
571,29,224.107,의무장비정비,육군,육군훈련소,202408,202408,20240508,33,20240430,기술행정병,5,2024,8.3,572,4
572,38,231.101,편성보급,육군,육군훈련소,202408,202408,20240508,63,20240430,기술행정병,5,2024,2.5,573,25
573,282,241.100,수송운용(차량운전),육군,55사단,202408,202408,20240508,338,20240430,기술행정병,5,2024,6,574,56
574,30,241.100,수송운용(차량운전),육군,3사단,202408,202408,20240508,100,20240430,기술행정병,5,2024,1.4,575,70
575,47,241.100,수송운용(차량운전),육군,6사단,202408,202408,20240508,173,20240430,기술행정병,5,2024,1.4,576,126
576,-7,M231.107,조리(중졸),육군,육군훈련소,202408,202408,20240508,1,20240430,기술행정병,5,2024,0.1,577,8
577,8,412.102,전문치과,육군,육군훈련소,202408,202408,20240508,9,20240430,기술행정병,5,2024,9,578,1
578,-39,123.103,K-21보병전투차량승무,육군,육군훈련소,202408,202408,20240508,19,20240430,기술행정병,5,2024,0.3,579,58
579,89,17.04,수색,해병,해병대교육훈련단,202406,202406,20240306,99,20240228,일반기술/전문기술병,3,2024,9.9,580,10
580,-19,19.03,공병,해병,해병대교육훈련단,202406,202406,20240306,35,20240228,일반기술/전문기술병,3,2024,0.6,581,54
581,0,23.01,무기정비,해병,해병대교육훈련단,202406,202406,20240306,32,20240228,일반기술/전문기술병,3,2024,1,582,32
582,87,17.01,일반,해병,해병대교육훈련단,202406,202406,20240306,896,20240228,일반기술/전문기술병,3,2024,1.1,583,809
583,11,32.01,수송,해병,해병대교육훈련단,202406,202406,20240306,206,20240228,일반기술/전문기술병,3,2024,1.1,584,195
584,0,17.05,화학,해병,해병대교육훈련단,202406,202406,20240306,19,20240228,일반기술/전문기술병,3,2024,1,585,19
585,58,80,동반입대병,해병,해병대교육훈련단,202406,202406,20240306,164,20240228,동반입대병,3,2024,1.5,586,106
586,-3,D001,직계가족복무부대지원입대병,해병,해병대교육훈련단,202406,202406,20240306,17,20240228,직계가족병,3,2024,0.9,587,20
587,11,66,군악병,해병,해병대교육훈련단,202406,202406,20240306,16,20240228,군악병,3,2024,3.2,588,5
588,62,A001,동반입대병,육군,6사단,202406,202406,20240305,414,20240227,동반입대병,3,2024,1.2,589,352
589,34,A001,동반입대병,육군,12사단,202406,202406,20240305,120,20240227,동반입대병,3,2024,1.4,590,86
590,32,A001,동반입대병,육군,21사단,202406,202406,20240305,122,20240227,동반입대병,3,2024,1.4,591,90
591,92,A001,동반입대병,육군,36사단,202406,202406,20240305,144,20240227,동반입대병,3,2024,2.8,592,52
592,40,A001,동반입대병,육군,15사단,202406,202406,20240305,136,20240227,동반입대병,3,2024,1.4,593,96
593,32,A001,동반입대병,육군,7사단,202406,202406,20240305,124,20240227,동반입대병,3,2024,1.3,594,92
594,110,A001,동반입대병,육군,28사단,202406,202406,20240305,250,20240227,동반입대병,3,2024,1.8,595,140
595,254,A001,동반입대병,육군,51사단,202406,202406,20240305,334,20240227,동반입대병,3,2024,4.2,596,80
596,58,A001,동반입대병,육군,3사단,202406,202406,20240305,314,20240227,동반입대병,3,2024,1.2,597,256
597,122,A001,동반입대병,육군,5사단,202406,202406,20240305,358,20240227,동반입대병,3,2024,1.5,598,236
598,286,A001,동반입대병,육군,55사단,202406,202406,20240305,366,20240227,동반입대병,3,2024,4.6,599,80
599,0,D001,직계가족복무부대지원입대병,육군,5사단,202406,202406,20240305,16,20240227,직계가족병,3,2024,1,600,16
600,10,D001,직계가족복무부대지원입대병,육군,21사단,202406,202406,20240305,17,20240227,직계가족병,3,2024,2.4,601,7
601,0,D001,직계가족복무부대지원입대병,육군,28사단,202406,202406,20240305,8,20240227,직계가족병,3,2024,1,602,8
602,14,D001,직계가족복무부대지원입대병,육군,3사단,202406,202406,20240305,30,20240227,직계가족병,3,2024,1.9,603,16
603,1,D001,직계가족복무부대지원입대병,육군,12사단,202406,202406,20240305,7,20240227,직계가족병,3,2024,1.2,604,6
604,2,D001,직계가족복무부대지원입대병,육군,6사단,202406,202406,20240305,26,20240227,직계가족병,3,2024,1.1,605,24
605,-2,D001,직계가족복무부대지원입대병,육군,7사단,202406,202406,20240305,6,20240227,직계가족병,3,2024,0.8,606,8
606,-1,D001,직계가족복무부대지원입대병,육군,15사단,202406,202406,20240305,7,20240227,직계가족병,3,2024,0.9,607,8
607,20,H001,연고지복무병,육군,12사단,202406,202406,20240305,26,20240227,연고지복무병,3,2024,4.3,608,6
608,12,H001,연고지복무병,육군,21사단,202406,202406,20240305,17,20240227,연고지복무병,3,2024,3.4,609,5
609,11,H001,연고지복무병,육군,7사단,202406,202406,20240305,17,20240227,연고지복무병,3,2024,2.8,610,6
610,35,H001,연고지복무병,육군,5사단,202406,202406,20240305,51,20240227,연고지복무병,3,2024,3.2,611,16
611,31,H001,연고지복무병,육군,6사단,202406,202406,20240305,55,20240227,연고지복무병,3,2024,2.3,612,24
612,7,H001,연고지복무병,육군,15사단,202406,202406,20240305,13,20240227,연고지복무병,3,2024,2.2,613,6
613,4,H001,연고지복무병,육군,3사단,202406,202406,20240305,20,20240227,연고지복무병,3,2024,1.3,614,16
614,27,H001,연고지복무병,육군,28사단,202406,202406,20240305,39,20240227,연고지복무병,3,2024,3.3,615,12
615,10,133.107,포병측지,육군,육군훈련소,202406,202406,20240306,11,20240228,기술행정병,3,2024,11,616,1
616,91,153.101,감시장비운용,육군,육군훈련소,202406,202406,20240306,292,20240228,기술행정병,3,2024,1.5,617,201
617,31,175.103,정보체계운용/정비,육군,육군훈련소,202406,202406,20240306,59,20240228,기술행정병,3,2024,2.1,618,28
618,32,182.104,기동헬기운용,육군,육군훈련소,202406,202406,20240306,57,20240228,기술행정병,3,2024,2.3,619,25
619,-1,M161.104,야전건설(중졸),육군,육군훈련소,202406,202406,20240306,1,20240228,기술행정병,3,2024,0.5,620,2
620,55,412.105,전문약제,육군,육군훈련소,202406,202406,20240306,62,20240228,기술행정병,3,2024,8.9,621,7
621,7,134.101,현무포병,육군,육군훈련소,202406,202406,20240306,20,20240228,기술행정병,3,2024,1.5,622,13
622,93,141.106,천마운용/정비,육군,육군훈련소,202406,202406,20240306,119,20240228,기술행정병,3,2024,4.6,623,26
623,3,163.115,공병장비부대정비,육군,육군훈련소,202406,202406,20240306,4,20240228,기술행정병,3,2024,4,624,1
624,234,171.104,이동통신장비운용/정비,육군,육군훈련소,202406,202406,20240306,331,20240228,기술행정병,3,2024,3.4,625,97
625,11,223.106,특수통신장비정비,육군,육군훈련소,202406,202406,20240306,14,20240228,기술행정병,3,2024,4.7,626,3
626,288,241.100,수송운용(차량운전),육군,51사단,202406,202406,20240306,351,20240228,기술행정병,3,2024,5.6,627,63
627,223,241.100,수송운용(차량운전),육군,28사단,202406,202406,20240306,331,20240228,기술행정병,3,2024,3.1,628,108
628,13,132.102,K239포병,육군,육군훈련소,202406,202406,20240306,47,20240228,기술행정병,3,2024,1.4,629,34
629,71,151.101,군사정보,육군,육군훈련소,202406,202406,20240306,98,20240228,기술행정병,3,2024,3.6,630,27
630,34,161.104,야전건설,육군,육군훈련소,202406,202406,20240306,47,20240228,기술행정병,3,2024,3.6,631,13
631,17,163.105,정수장비운용,육군,육군훈련소,202406,202406,20240306,27,20240228,기술행정병,3,2024,2.7,632,10
632,46,211.104,화생방정찰,육군,육군훈련소,202406,202406,20240306,95,20240228,기술행정병,3,2024,1.9,633,49
633,56,231.101,편성보급,육군,육군훈련소,202406,202406,20240306,82,20240228,기술행정병,3,2024,3.2,634,26
634,11,412.102,전문치과,육군,육군훈련소,202406,202406,20240306,12,20240228,기술행정병,3,2024,12,635,1
635,3,412.103,전문임상병리,육군,육군훈련소,202406,202406,20240306,4,20240228,기술행정병,3,2024,4,636,1
636,73,121.101,K계열전차승무,육군,육군훈련소,202406,202406,20240306,214,20240228,기술행정병,3,2024,1.5,637,141
637,62,171.102,무선전송장비운용/정비,육군,육군훈련소,202406,202406,20240306,208,20240228,기술행정병,3,2024,1.4,638,146
638,30,172.102,위성운용/정비,육군,육군훈련소,202406,202406,20240306,49,20240228,기술행정병,3,2024,2.6,639,19
639,34,211.103,화생방제독,육군,육군훈련소,202406,202406,20240306,125,20240228,기술행정병,3,2024,1.4,640,91
640,1512,241.100,수송운용(차량운전),육군,육군훈련소,202406,202406,20240306,2323,20240228,기술행정병,3,2024,2.9,641,811
641,166,241.100,수송운용(차량운전),육군,5사단,202406,202406,20240306,241,20240228,기술행정병,3,2024,3.2,642,75
642,26,241.106,차륜형장갑차운전,육군,육군훈련소,202406,202406,20240306,43,20240228,기술행정병,3,2024,2.5,643,17
643,10,241.108,K-53계열차량운전,육군,육군훈련소,202406,202406,20240306,15,20240228,기술행정병,3,2024,3,644,5
644,10,412.104,전문방사선촬영,육군,육군훈련소,202406,202406,20240306,12,20240228,기술행정병,3,2024,6,645,2
645,23,131.107,K-9자주포조종,육군,육군훈련소,202406,202406,20240306,61,20240228,기술행정병,3,2024,1.6,646,38
646,150,141.105,휴대용유도무기운용/정비,육군,육군훈련소,202406,202406,20240306,169,20240228,기술행정병,3,2024,8.9,647,19
647,27,162.104,전기설비,육군,육군훈련소,202406,202406,20240306,28,20240228,기술행정병,3,2024,28,648,1
648,4,163.114,발전기운용/정비,육군,육군훈련소,202406,202406,20240306,6,20240228,기술행정병,3,2024,3,649,2
649,306,241.100,수송운용(차량운전),육군,55사단,202406,202406,20240306,364,20240228,기술행정병,3,2024,6.3,650,58
650,-1,M162.104,전기설비(중졸),육군,육군훈련소,202406,202406,20240306,0,20240228,기술행정병,3,2024,0,651,1
651,-19,M241.100,수송운용(중졸),육군,육군훈련소,202406,202406,20240306,1,20240228,기술행정병,3,2024,0.1,652,20
652,29,122.101,K계열전차부대정비,육군,육군훈련소,202406,202406,20240306,49,20240228,기술행정병,3,2024,2.5,653,20
653,158,141.104,방공작전통제,육군,육군훈련소,202406,202406,20240306,180,20240228,기술행정병,3,2024,8.2,654,22
654,32,162.102,소방장비,육군,육군훈련소,202406,202406,20240306,41,20240228,기술행정병,3,2024,4.6,655,9
655,35,163.112,로더운전,육군,육군훈련소,202406,202406,20240306,43,20240228,기술행정병,3,2024,5.4,656,8
656,53,175.101,네트워크운용/정비,육군,육군훈련소,202406,202406,20240306,115,20240228,기술행정병,3,2024,1.9,657,62
657,45,175.102,전술C4I운용/정비,육군,육군훈련소,202406,202406,20240306,80,20240228,기술행정병,3,2024,2.3,658,35
658,9,223.101,유선장비정비,육군,육군훈련소,202406,202406,20240306,16,20240228,기술행정병,3,2024,2.3,659,7
659,40,224.101,차량정비,육군,육군훈련소,202406,202406,20240306,47,20240228,기술행정병,3,2024,6.7,660,7
660,37,226.101,장비수리부속공구보급,육군,육군훈련소,202406,202406,20240306,51,20240228,기술행정병,3,2024,3.6,661,14
661,24,241.107,차량부대정비,육군,육군훈련소,202406,202406,20240306,62,20240228,기술행정병,3,2024,1.6,662,38
662,77,123.101,장갑차조종,육군,육군훈련소,202406,202406,20240306,241,20240228,기술행정병,3,2024,1.5,663,164
663,19,131.104,K-55자주포조종,육군,육군훈련소,202406,202406,20240306,61,20240228,기술행정병,3,2024,1.5,664,42
664,186,141.101,발칸운용/정비,육군,육군훈련소,202406,202406,20240306,262,20240228,기술행정병,3,2024,3.4,665,76
665,26,174.101,레이다운용/정비,육군,육군훈련소,202406,202406,20240306,46,20240228,기술행정병,3,2024,2.3,666,20
666,49,225.101,탄약관리,육군,육군훈련소,202406,202406,20240306,167,20240228,기술행정병,3,2024,1.4,667,118
667,37,231.103,지원보급,육군,육군훈련소,202406,202406,20240306,54,20240228,기술행정병,3,2024,3.2,668,17
668,133,241.100,수송운용(차량운전),육군,3사단,202406,202406,20240306,189,20240228,기술행정병,3,2024,3.4,669,56
669,125,321.101,군사경찰,육군,육군훈련소,202406,202406,20240306,207,20240228,기술행정병,3,2024,2.5,670,82
670,42,341.102,영상제작,육군,육군훈련소,202406,202406,20240306,43,20240228,기술행정병,3,2024,43,671,1
671,-6,M231.107,조리(중졸),육군,육군훈련소,202406,202406,20240306,0,20240228,기술행정병,3,2024,0,672,6
672,-5,M241.107,차량부대정비(중졸),육군,육군훈련소,202406,202406,20240306,0,20240228,기술행정병,3,2024,0,673,5
673,-15,133.103,사격지휘,육군,육군훈련소,202406,202406,20240306,85,20240228,기술행정병,3,2024,0.9,674,100
674,3,163.101,장갑전투도저운전,육군,육군훈련소,202406,202406,20240306,7,20240228,기술행정병,3,2024,1.8,675,4
675,297,171.101,전술통신장비운용/정비,육군,육군훈련소,202406,202406,20240306,564,20240228,기술행정병,3,2024,2.1,676,267
676,12,171.107,교환시설운용/정비,육군,육군훈련소,202406,202406,20240306,18,20240228,기술행정병,3,2024,3,677,6
677,52,172.101,MW운용/정비,육군,육군훈련소,202406,202406,20240306,74,20240228,기술행정병,3,2024,3.4,678,22
678,219,231.107,조리,육군,육군훈련소,202406,202406,20240306,407,20240228,기술행정병,3,2024,2.2,679,188
679,238,241.100,수송운용(차량운전),육군,6사단,202406,202406,20240306,354,20240228,기술행정병,3,2024,3.1,680,116
680,941,411.101,일반의무,육군,육군훈련소,202406,202406,20240306,1181,20240228,기술행정병,3,2024,4.9,681,240
681,24,412.101,전문간호,육군,육군훈련소,202406,202406,20240306,27,20240228,기술행정병,3,2024,9,682,3
682,31,152.101,신호정보/전자전운용,육군,육군훈련소,202406,202406,20240306,69,20240228,기술행정병,3,2024,1.8,683,38
683,-34,11.05,조리,해군,해군교육사령부,202406,202406,20240306,19,20240228,일반기술/전문기술병,3,2024,0.4,684,53
684,33,11.24,항공,해군,해군교육사령부,202406,202406,20240306,44,20240228,일반기술/전문기술병,3,2024,4,685,11
685,51,49,의무,해군,해군교육사령부,202406,202406,20240306,78,20240228,일반기술/전문기술병,3,2024,2.9,686,27
686,262,48,수송,해군,해군교육사령부,202406,202406,20240306,305,20240228,일반기술/전문기술병,3,2024,7.1,687,43
687,7,11.26,전자,해군,해군교육사령부,202406,202406,20240306,16,20240228,일반기술/전문기술병,3,2024,1.8,688,9
688,-37,11,일반,해군,해군교육사령부,202406,202406,20240306,416,20240228,일반기술/전문기술병,3,2024,0.9,689,453
689,16,46,건축/토목,해군,해군교육사령부,202406,202406,20240306,22,20240228,일반기술/전문기술병,3,2024,3.7,690,6
690,13,25,통신,해군,해군교육사령부,202406,202406,20240306,38,20240228,일반기술/전문기술병,3,2024,1.5,691,25
691,12,43.39,화생방,해군,해군교육사령부,202406,202406,20240306,22,20240228,일반기술/전문기술병,3,2024,2.2,692,10
692,5,43.44,전기,해군,해군교육사령부,202406,202406,20240306,23,20240228,일반기술/전문기술병,3,2024,1.3,693,18
693,24,11.02,전산,해군,해군교육사령부,202406,202406,20240306,31,20240228,일반기술/전문기술병,3,2024,4.4,694,7
694,-33,43,기관,해군,해군교육사령부,202406,202406,20240306,9,20240228,일반기술/전문기술병,3,2024,0.2,695,42
695,14,803,동반_군사경찰,해군,해군교육사령부,202406,202406,20240306,44,20240228,동반입대병,3,2024,1.5,696,30
696,-4,802,동반_갑판,해군,해군교육사령부,202406,202406,20240306,26,20240228,동반입대병,3,2024,0.9,697,30
697,-15,B11.05,(2함대)조리,해군,해군교육사령부,202406,202406,20240306,0,20240228,복무지역선택병,3,2024,0,698,15
698,-105,B11,(2함대)일반,해군,해군교육사령부,202406,202406,20240306,26,20240228,복무지역선택병,3,2024,0.2,699,131
699,-76,A11,(1함대)일반,해군,해군교육사령부,202406,202406,20240306,22,20240228,복무지역선택병,3,2024,0.2,700,98
700,-8,B43,(2함대)기관,해군,해군교육사령부,202406,202406,20240306,2,20240228,복무지역선택병,3,2024,0.2,701,10
701,-5,A43,(1함대)기관,해군,해군교육사령부,202406,202406,20240306,1,20240228,복무지역선택병,3,2024,0.2,702,6
702,-11,A11.05,(1함대)조리,해군,해군교육사령부,202406,202406,20240306,1,20240228,복무지역선택병,3,2024,0.1,703,12
703,27,36,군악병,해군,해군교육사령부,202406,202406,20240306,47,20240228,군악병,3,2024,2.4,704,20
704,2,36.01,문화홍보병,해군,해군교육사령부,202406,202406,20240306,4,20240228,문화홍보병,3,2024,2,705,2
705,33,54,통번역병,해군,해군교육사령부,202406,202406,20240306,36,20240228,통번역병,3,2024,12,706,3
706,-10,55.03,어학병_중국어,해군,해군교육사령부,202406,202406,20240306,0,20240228,어학병,3,2024,0,707,10
707,2,55.02,어학병_일본어,해군,해군교육사령부,202406,202406,20240306,6,20240228,어학병,3,2024,1.5,708,4
708,-5,134.101,현무포병,육군,육군훈련소,202408,202408,20240508,8,20240430,기술행정병,5,2024,0.6,709,13
709,-4,163.101,장갑전투도저운전,육군,육군훈련소,202408,202408,20240508,0,20240430,기술행정병,5,2024,0,710,4
710,125,171.104,이동통신장비운용/정비,육군,육군훈련소,202408,202408,20240508,219,20240430,기술행정병,5,2024,2.3,711,94
711,-5,174.101,레이다운용/정비,육군,육군훈련소,202408,202408,20240508,16,20240430,기술행정병,5,2024,0.8,712,21
712,6,182.104,기동헬기운용,육군,육군훈련소,202408,202408,20240508,27,20240430,기술행정병,5,2024,1.3,713,21
713,1,222.109,자주포야전정비,육군,육군훈련소,202408,202408,20240508,5,20240430,기술행정병,5,2024,1.3,714,4
714,-10,241.104,견인차량운전,육군,육군훈련소,202408,202408,20240508,15,20240430,기술행정병,5,2024,0.6,715,25
715,-34,241.106,차륜형장갑차운전,육군,육군훈련소,202408,202408,20240508,15,20240430,기술행정병,5,2024,0.3,716,49
716,-2,M161.104,야전건설(중졸),육군,육군훈련소,202408,202408,20240508,0,20240430,기술행정병,5,2024,0,717,2
717,-1,M162.104,전기설비(중졸),육군,육군훈련소,202408,202408,20240508,0,20240430,기술행정병,5,2024,0,718,1
718,4,412.103,전문임상병리,육군,육군훈련소,202408,202408,20240508,5,20240430,기술행정병,5,2024,5,719,1
719,-55,121.101,K계열전차승무,육군,육군훈련소,202408,202408,20240508,86,20240430,기술행정병,5,2024,0.6,720,141
720,-6,123.102,장갑차부대정비,육군,육군훈련소,202408,202408,20240508,18,20240430,기술행정병,5,2024,0.8,721,24
721,57,141.101,발칸운용/정비,육군,육군훈련소,202408,202408,20240508,133,20240430,기술행정병,5,2024,1.8,722,76
722,-22,231.107,조리,육군,육군훈련소,202408,202408,20240508,229,20240430,기술행정병,5,2024,0.9,723,251
723,-2,241.108,K-53계열차량운전,육군,육군훈련소,202408,202408,20240508,3,20240430,기술행정병,5,2024,0.6,724,5
724,1,241.109,구난차량운전,육군,육군훈련소,202408,202408,20240508,14,20240430,기술행정병,5,2024,1.1,725,13
725,43,321.101,군사경찰,육군,육군훈련소,202408,202408,20240508,125,20240430,기술행정병,5,2024,1.5,726,82
726,185,17.01,일반,해병,해병대교육훈련단,202407,202407,20240524,385,20240513,일반기술/전문기술병,104,2024,1.9,727,200
727,1,17.05,화학,해병,해병대교육훈련단,202407,202407,20240524,11,20240513,일반기술/전문기술병,104,2024,1.1,728,10
728,34,32.01,수송,해병,해병대교육훈련단,202407,202407,20240524,84,20240513,일반기술/전문기술병,104,2024,1.7,729,50
729,0,19.03,공병,해병,해병대교육훈련단,202407,202407,20240524,30,20240513,일반기술/전문기술병,104,2024,1,730,30
730,6,23.01,무기정비,해병,해병대교육훈련단,202407,202407,20240524,16,20240513,일반기술/전문기술병,104,2024,1.6,731,10
731,-8,11.05,조리,해군,해군교육사령부,202407,202407,20240524,12,20240513,일반기술/전문기술병,104,2024,0.6,732,20
732,60,11,일반,해군,해군교육사령부,202407,202407,20240524,190,20240513,일반기술/전문기술병,104,2024,1.5,733,130
733,-18,43,기관,해군,해군교육사령부,202407,202407,20240524,12,20240513,일반기술/전문기술병,104,2024,0.4,734,30
734,-8,802,동반_갑판,해군,해군교육사령부,202407,202407,20240524,12,20240513,동반입대병,104,2024,0.6,735,20
735,7,803,동반_군사경찰,해군,해군교육사령부,202407,202407,20240524,27,20240513,동반입대병,104,2024,1.4,736,20
736,-8,A11.05,(1함대)조리,해군,해군교육사령부,202407,202407,20240524,2,20240513,복무지역선택병,104,2024,0.2,737,10
737,-17,B11,(2함대)일반,해군,해군교육사령부,202407,202407,20240524,33,20240513,복무지역선택병,104,2024,0.7,738,50
738,-4,A43,(1함대)기관,해군,해군교육사령부,202407,202407,20240524,1,20240513,복무지역선택병,104,2024,0.2,739,5
739,-9,B43,(2함대)기관,해군,해군교육사령부,202407,202407,20240524,1,20240513,복무지역선택병,104,2024,0.1,740,10
740,-7,A11,(1함대)일반,해군,해군교육사령부,202407,202407,20240524,23,20240513,복무지역선택병,104,2024,0.8,741,30
741,-14,B11.05,(2함대)조리,해군,해군교육사령부,202407,202407,20240524,1,20240513,복무지역선택병,104,2024,0.1,742,15
742,53,E00001,국군체육특기병,육군,육군훈련소,202412,202409,20240522,117,20240516,전문특기병,49,2024,1.8,743,64
743,-16,11.26,전자,해군,해군교육사령부,202409,202409,20240604,0,20240528,일반기술/전문기술병,6,2024,0,744,16
744,-46,48,수송,해군,해군교육사령부,202409,202409,20240604,0,20240528,일반기술/전문기술병,6,2024,0,745,46
745,-97,11,일반,해군,해군교육사령부,202409,202409,20240604,0,20240528,일반기술/전문기술병,6,2024,0,746,97
746,-20,11.05,조리,해군,해군교육사령부,202409,202409,20240604,0,20240528,일반기술/전문기술병,6,2024,0,747,20
747,-34,25,통신,해군,해군교육사령부,202409,202409,20240604,0,20240528,일반기술/전문기술병,6,2024,0,748,34
748,-7,43.44,전기,해군,해군교육사령부,202409,202409,20240604,0,20240528,일반기술/전문기술병,6,2024,0,749,7
749,-13,11.24,항공,해군,해군교육사령부,202409,202409,20240604,0,20240528,일반기술/전문기술병,6,2024,0,750,13
750,-28,49,의무,해군,해군교육사령부,202409,202409,20240604,0,20240528,일반기술/전문기술병,6,2024,0,751,28
751,-6,11.02,전산,해군,해군교육사령부,202409,202409,20240604,0,20240528,일반기술/전문기술병,6,2024,0,752,6
752,-35,43,기관,해군,해군교육사령부,202409,202409,20240604,0,20240528,일반기술/전문기술병,6,2024,0,753,35
753,-10,43.39,화생방,해군,해군교육사령부,202409,202409,20240604,0,20240528,일반기술/전문기술병,6,2024,0,754,10
754,-3,46,건축/토목,해군,해군교육사령부,202409,202409,20240604,0,20240528,일반기술/전문기술병,6,2024,0,755,3
755,-10,802,동반_갑판,해군,해군교육사령부,202409,202409,20240604,0,20240528,동반입대병,6,2024,0,756,10
756,-30,803,동반_군사경찰,해군,해군교육사령부,202409,202409,20240604,0,20240528,동반입대병,6,2024,0,757,30
757,-5,A11.05,(1함대)조리,해군,해군교육사령부,202409,202409,20240604,0,20240528,복무지역선택병,6,2024,0,758,5
758,-40,B11,(2함대)일반,해군,해군교육사령부,202409,202409,20240604,0,20240528,복무지역선택병,6,2024,0,759,40
759,-30,A11,(1함대)일반,해군,해군교육사령부,202409,202409,20240604,0,20240528,복무지역선택병,6,2024,0,760,30
760,-5,B11.05,(2함대)조리,해군,해군교육사령부,202409,202409,20240604,0,20240528,복무지역선택병,6,2024,0,761,5
761,-5,A43,(1함대)기관,해군,해군교육사령부,202409,202409,20240604,0,20240528,복무지역선택병,6,2024,0,762,5
762,-9,B43,(2함대)기관,해군,해군교육사령부,202409,202409,20240604,0,20240528,복무지역선택병,6,2024,0,763,9
763,-13,36,군악병,해군,해군교육사령부,202409,202409,20240604,0,20240528,군악병,6,2024,0,764,13
764,-2,36.01,문화홍보병,해군,해군교육사령부,202409,202409,20240604,0,20240528,문화홍보병,6,2024,0,765,2
765,-2,55.02,어학병_일본어,해군,해군교육사령부,202409,202409,20240604,0,20240528,어학병,6,2024,0,766,2
766,-5,55.01,어학병_영어,해군,해군교육사령부,202409,202409,20240604,0,20240528,어학병,6,2024,0,767,5
767,-8,55.03,어학병_중국어,해군,해군교육사령부,202409,202409,20240604,0,20240528,어학병,6,2024,0,768,8
768,-1,55.04,어학병_러시아어,해군,해군교육사령부,202409,202409,20240604,0,20240528,어학병,6,2024,0,769,1
769,-3,54,통번역병,해군,해군교육사령부,202409,202409,20240604,0,20240528,통번역병,6,2024,0,770,3
770,-2,53.01,군종병_기독교,해군,해군교육사령부,202409,202409,20240604,0,20240528,군종병,6,2024,0,771,2
771,-1,53.03,군종병_불교,해군,해군교육사령부,202409,202409,20240604,0,20240528,군종병,6,2024,0,772,1
772,-1,53.02,군종병_천주교,해군,해군교육사령부,202409,202409,20240604,0,20240528,군종병,6,2024,0,773,1
773,-5,59,정보보호병,해군,해군교육사령부,202409,202409,20240604,0,20240528,정보보호병,6,2024,0,774,5
774,-2,60,전문의무병,해군,해군교육사령부,202409,202409,20240604,0,20240528,전문의무병,6,2024,0,775,2
775,-6,64,위생관리병,해군,해군교육사령부,202409,202409,20240604,0,20240528,위생관리병,6,2024,0,776,6
776,-26,23.01,무기정비,해병,해병대교육훈련단,202409,202409,20240604,0,20240528,일반기술/전문기술병,6,2024,0,777,26
777,-8,17.04,수색,해병,해병대교육훈련단,202409,202409,20240604,0,20240528,일반기술/전문기술병,6,2024,0,778,8
778,-44,19.03,공병,해병,해병대교육훈련단,202409,202409,20240604,0,20240528,일반기술/전문기술병,6,2024,0,779,44
779,-155,32.01,수송,해병,해병대교육훈련단,202409,202409,20240604,0,20240528,일반기술/전문기술병,6,2024,0,780,155
780,-14,17.05,화학,해병,해병대교육훈련단,202409,202409,20240604,0,20240528,일반기술/전문기술병,6,2024,0,781,14
781,-622,17.01,일반,해병,해병대교육훈련단,202409,202409,20240604,0,20240528,일반기술/전문기술병,6,2024,0,782,622
782,-106,80,동반입대병,해병,해병대교육훈련단,202409,202409,20240604,0,20240528,동반입대병,6,2024,0,783,106
783,-20,D001,직계가족복무부대지원입대병,해병,해병대교육훈련단,202409,202409,20240604,0,20240528,직계가족병,6,2024,0,784,20
784,-5,66,군악병,해병,해병대교육훈련단,202409,202409,20240604,0,20240528,군악병,6,2024,0,785,5
785,-8,H001,연고지복무병,육군,3사단,202409,202409,20240603,0,20240527,연고지복무병,6,2024,0,786,8
786,-6,H001,연고지복무병,육군,15사단,202409,202409,20240603,0,20240527,연고지복무병,6,2024,0,787,6
787,-8,H001,연고지복무병,육군,6사단,202409,202409,20240603,0,20240527,연고지복무병,6,2024,0,788,8
788,-6,H001,연고지복무병,육군,21사단,202409,202409,20240603,0,20240527,연고지복무병,6,2024,0,789,6
789,-6,H001,연고지복무병,육군,7사단,202409,202409,20240603,0,20240527,연고지복무병,6,2024,0,790,6
790,-16,H001,연고지복무병,육군,5사단,202409,202409,20240603,0,20240527,연고지복무병,6,2024,0,791,16
791,-3,H001,연고지복무병,육군,12사단,202409,202409,20240603,0,20240527,연고지복무병,6,2024,0,792,3
792,-8,D001,직계가족복무부대지원입대병,육군,7사단,202409,202409,20240603,0,20240527,직계가족병,6,2024,0,793,8
793,-8,D001,직계가족복무부대지원입대병,육군,6사단,202409,202409,20240603,0,20240527,직계가족병,6,2024,0,794,8
794,-8,D001,직계가족복무부대지원입대병,육군,15사단,202409,202409,20240603,0,20240527,직계가족병,6,2024,0,795,8
795,-3,D001,직계가족복무부대지원입대병,육군,12사단,202409,202409,20240603,0,20240527,직계가족병,6,2024,0,796,3
796,-8,D001,직계가족복무부대지원입대병,육군,21사단,202409,202409,20240603,0,20240527,직계가족병,6,2024,0,797,8
797,-8,D001,직계가족복무부대지원입대병,육군,3사단,202409,202409,20240603,0,20240527,직계가족병,6,2024,0,798,8
798,-16,D001,직계가족복무부대지원입대병,육군,5사단,202409,202409,20240603,0,20240527,직계가족병,6,2024,0,799,16
799,-256,A001,동반입대병,육군,5사단,202409,202409,20240603,0,20240527,동반입대병,6,2024,0,800,256
800,-92,A001,동반입대병,육군,7사단,202409,202409,20240603,0,20240527,동반입대병,6,2024,0,801,92
801,-26,A001,동반입대병,육군,36사단,202409,202409,20240603,0,20240527,동반입대병,6,2024,0,802,26
802,-38,A001,동반입대병,육군,55사단,202409,202409,20240603,0,20240527,동반입대병,6,2024,0,803,38
803,-96,A001,동반입대병,육군,15사단,202409,202409,20240603,0,20240527,동반입대병,6,2024,0,804,96
804,-100,A001,동반입대병,육군,6사단,202409,202409,20240603,0,20240527,동반입대병,6,2024,0,805,100
805,-40,A001,동반입대병,육군,51사단,202409,202409,20240603,0,20240527,동반입대병,6,2024,0,806,40
806,-40,A001,동반입대병,육군,12사단,202409,202409,20240603,0,20240527,동반입대병,6,2024,0,807,40
807,-100,A001,동반입대병,육군,3사단,202409,202409,20240603,0,20240527,동반입대병,6,2024,0,808,100
808,-84,A001,동반입대병,육군,21사단,202409,202409,20240603,0,20240527,동반입대병,6,2024,0,809,84
809,-15,24,의장병,공군,공군교육사령부,202409,202409,20240604,0,20240528,의장병,6,2024,0,810,15
810,-17,25,군악병,공군,공군교육사령부,202409,202409,20240604,0,20240528,군악병,6,2024,0,811,17
811,-10,31,특수임무군사경찰,공군,공군교육사령부,202409,202409,20240604,0,20240528,특수임무군사경찰,6,2024,0,812,10
812,-7,30,정보보호병,공군,공군교육사령부,202409,202409,20240604,0,20240528,정보보호병,6,2024,0,813,7
813,-3,54,IT개발관리병,공군,공군교육사령부,202409,202409,20240604,0,20240528,IT개발관리병,6,2024,0,814,3
814,-26,26,어학병,공군,공군교육사령부,202409,202409,20240604,0,20240528,어학병,6,2024,0,815,26
815,-4,40,정훈병,공군,공군교육사령부,202409,202409,20240604,0,20240528,정훈병,6,2024,0,816,4
816,-1,34,군견관리병,공군,공군교육사령부,202409,202409,20240604,0,20240528,군견관리병,6,2024,0,817,1
817,-6,55,무인항공기운용병,공군,공군교육사령부,202409,202409,20240604,0,20240528,무인항공기운용병,6,2024,0,818,6
818,-1,45.03,교육훈련_디자인,공군,공군교육사령부,202409,202409,20240604,0,20240528,교육훈련매체개발병,6,2024,0,819,1
819,-1,41.02,콘텐츠_영상촬영편집,공군,공군교육사령부,202409,202409,20240604,0,20240528,콘텐츠제작병,6,2024,0,820,1
820,-1,44,전문자격의무병,공군,공군교육사령부,202409,202409,20240604,0,20240528,전문자격의무병,6,2024,0,821,1
821,-1,46,비파괴검사병,공군,공군교육사령부,202409,202409,20240604,0,20240528,비파괴검사병,6,2024,0,822,1
822,-4,53,조리병,공군,공군교육사령부,202409,202409,20240604,0,20240528,조리병,6,2024,0,823,4
823,-103,18,기계,공군,공군교육사령부,202409,202409,20240604,0,20240528,일반기술/전문기술병(전문화관리병포함),6,2024,0,824,103
824,-79,15,전자계산,공군,공군교육사령부,202409,202409,20240604,0,20240528,일반기술/전문기술병(전문화관리병포함),6,2024,0,825,79
825,-4,20,차량정비,공군,공군교육사령부,202409,202409,20240604,0,20240528,일반기술/전문기술병(전문화관리병포함),6,2024,0,826,4
826,-6,17,의무,공군,공군교육사령부,202409,202409,20240604,0,20240528,일반기술/전문기술병(전문화관리병포함),6,2024,0,827,6
827,-768,11,일반,공군,공군교육사령부,202409,202409,20240604,0,20240528,일반기술/전문기술병(전문화관리병포함),6,2024,0,828,768
828,-246,19,차량운전,공군,공군교육사령부,202409,202409,20240604,0,20240528,일반기술/전문기술병(전문화관리병포함),6,2024,0,829,246
829,-259,21,통신전자전기,공군,공군교육사령부,202409,202409,20240604,0,20240528,일반기술/전문기술병(전문화관리병포함),6,2024,0,830,259
830,-32,16,화생방,공군,공군교육사령부,202409,202409,20240604,0,20240528,일반기술/전문기술병(전문화관리병포함),6,2024,0,831,32
831,-14,111275,유해발굴기록병,육군,육군훈련소,202410,202409,20240605,0,20240530,전문특기병,50,2024,0,832,14
832,-20,111284,의장병,육군,육군훈련소,202410,202410,20240605,0,20240530,전문특기병,51,2024,0,833,20
833,-131,342.101.,군악,육군,육군훈련소,202409,202409,20240605,0,20240530,전문특기병,52,2024,0,834,131
834,-60,111292,훈련소조교병,육군,육군훈련소,202410,202410,20240605,0,20240530,전문특기병,53,2024,0,835,60
835,-20,111000,JSA경비병,육군,육군훈련소,202410,202410,20240605,0,20240530,전문특기병,54,2024,0,836,20
836,-138,112100,특전병,육군,육군훈련소,202410,202409,20240605,0,20240530,전문특기병,55,2024,0,837,138
837,-10,152101,신호정보/전자전운용,육군,육군훈련소,202409,202409,20240605,0,20240530,전문특기병,56,2024,0,838,10
838,-2,341335,영상콘텐츠디자이너병,육군,육군훈련소,202410,202409,20240605,0,20240530,전문특기병,57,2024,0,839,2
839,-45,471277,기독교군종병,육군,육군훈련소,202410,202409,20240605,0,20240530,전문특기병,58,2024,0,840,45
840,-12,471278,천주교군종병,육군,육군훈련소,202410,202409,20240605,0,20240530,전문특기병,59,2024,0,841,12
841,14,55.01,어학병_영어,해군,해군교육사령부,202406,202406,20240306,20,20240228,어학병,3,2024,3.3,842,6
842,-1,53.03,군종병_불교,해군,해군교육사령부,202406,202406,20240306,0,20240228,군종병,3,2024,0,843,1
843,-1,53.02,군종병_천주교,해군,해군교육사령부,202406,202406,20240306,0,20240228,군종병,3,2024,0,844,1
844,-2,53.01,군종병_기독교,해군,해군교육사령부,202406,202406,20240306,0,20240228,군종병,3,2024,0,845,2
845,5,59,정보보호병,해군,해군교육사령부,202406,202406,20240306,10,20240228,정보보호병,3,2024,2,846,5
846,26,60,전문의무병,해군,해군교육사령부,202406,202406,20240306,31,20240228,전문의무병,3,2024,6.2,847,5
847,-2,64,위생관리병,해군,해군교육사령부,202406,202406,20240306,3,20240228,위생관리병,3,2024,0.6,848,5
848,-1,B172.101,(임기제)MW운용/정비,육군,육군훈련소,202405,202405,20240126,0,20240125,임기제부사관,992,2023,0,849,1
849,10,321273,33경호병,육군,육군훈련소,202407,202407,20240306,22,20240229,전문특기병,25,2024,1.8,850,12
850,-1,B175.102,(임기제)전술C4I운용/정비,육군,육군훈련소,202405,202405,20240126,0,20240125,임기제부사관,992,2023,0,851,1
851,-1,B222.101,(임기제)총기정비,육군,육군훈련소,202405,202405,20240126,0,20240125,임기제부사관,992,2023,0,852,1
852,-1,B222.105,(임기제)전차정비,육군,육군훈련소,202405,202405,20240126,0,20240125,임기제부사관,992,2023,0,853,1
853,-1,B172.102,(임기제)위성운용/정비,육군,육군훈련소,202405,202405,20240126,0,20240125,임기제부사관,992,2023,0,854,1
854,-2,B163.113,(임기제)굴착기운용,육군,육군훈련소,202405,202405,20240126,0,20240125,임기제부사관,992,2023,0,855,2
855,-1,B224.101,(임기제)차량정비,육군,육군훈련소,202405,202405,20240126,0,20240125,임기제부사관,992,2023,0,856,1
856,-2,B175.102,(임기제)전술C4I운용/정비,육군,육군훈련소,202406,202406,20240214,0,20240213,임기제부사관,993,2023,0,857,2
857,91,16,화생방,공군,공군교육사령부,202407,202407,20240404,113,20240328,일반기술/전문기술병(전문화관리병포함),4,2024,5.1,858,22
858,17,20,차량정비,공군,공군교육사령부,202407,202407,20240404,36,20240328,일반기술/전문기술병(전문화관리병포함),4,2024,1.9,859,19
859,3430,11,일반,공군,공군교육사령부,202407,202407,20240404,4360,20240328,일반기술/전문기술병(전문화관리병포함),4,2024,4.7,860,930
860,221,18,기계,공군,공군교육사령부,202407,202407,20240404,342,20240328,일반기술/전문기술병(전문화관리병포함),4,2024,2.8,861,121
861,1199,19,차량운전,공군,공군교육사령부,202407,202407,20240404,1522,20240328,일반기술/전문기술병(전문화관리병포함),4,2024,4.7,862,323
862,151,15,전자계산,공군,공군교육사령부,202407,202407,20240404,229,20240328,일반기술/전문기술병(전문화관리병포함),4,2024,2.9,863,78
863,123,17,의무,공군,공군교육사령부,202407,202407,20240404,131,20240328,일반기술/전문기술병(전문화관리병포함),4,2024,16.4,864,8
864,469,21,통신전자전기,공군,공군교육사령부,202407,202407,20240404,804,20240328,일반기술/전문기술병(전문화관리병포함),4,2024,2.4,865,335
865,13,24,의장병,공군,공군교육사령부,202407,202407,20240404,23,20240328,의장병,4,2024,2.3,866,10
866,29,31,특수임무군사경찰,공군,공군교육사령부,202407,202407,20240404,39,20240328,특수임무군사경찰,4,2024,3.9,867,10
867,11,30,정보보호병,공군,공군교육사령부,202407,202407,20240404,18,20240328,정보보호병,4,2024,2.6,868,7
868,161,26,어학병,공군,공군교육사령부,202707,202407,20240404,188,20240328,어학병,4,2024,7,869,27
869,25,34,군견관리병,공군,공군교육사령부,202407,202407,20240404,26,20240328,군견관리병,4,2024,26,870,1
870,25,40,정훈병,공군,공군교육사령부,202407,202407,20240404,29,20240328,정훈병,4,2024,7.3,871,4
871,34,55,무인항공기운용병,공군,공군교육사령부,202407,202407,20240404,38,20240328,무인항공기운용병,4,2024,9.5,872,4
872,11,41.01,콘텐츠_그래픽디자인,공군,공군교육사령부,202407,202407,20240404,13,20240328,콘텐츠제작병,4,2024,6.5,873,2
873,18,41.02,콘텐츠_영상촬영편집,공군,공군교육사령부,202407,202407,20240404,20,20240328,콘텐츠제작병,4,2024,10,874,2
874,8,45.01,교육훈련_3D모델링,공군,공군교육사령부,202407,202407,20240404,9,20240328,교육훈련매체개발병,4,2024,9,875,1
875,2,44,전문자격의무병,공군,공군교육사령부,202407,202407,20240404,4,20240328,전문자격의무병,4,2024,2,876,2
876,1,46,비파괴검사병,공군,공군교육사령부,202407,202407,20240404,3,20240328,비파괴검사병,4,2024,1.5,877,2
877,9,42.02,식별보조_일본어,공군,공군교육사령부,202407,202407,20240404,10,20240328,식별보조병,4,2024,10,878,1
878,4,50,운항관리병,공군,공군교육사령부,202407,202407,20240404,6,20240328,운항관리병,4,2024,3,879,2
879,17,53,조리병,공군,공군교육사령부,202407,202407,20240404,22,20240328,조리병,4,2024,4.4,880,5
880,20,25,군악병,공군,공군교육사령부,202407,202407,20240404,45,20240328,군악병,4,2024,1.8,881,25
881,3,11.26,전자,해군,해군교육사령부,202407,202407,20240404,15,20240328,일반기술/전문기술병,4,2024,1.3,882,12
882,20,49,의무,해군,해군교육사령부,202407,202407,20240404,45,20240328,일반기술/전문기술병,4,2024,1.8,883,25
883,114,11,일반,해군,해군교육사령부,202407,202407,20240404,269,20240328,일반기술/전문기술병,4,2024,1.7,884,155
884,-6,25,통신,해군,해군교육사령부,202407,202407,20240404,26,20240328,일반기술/전문기술병,4,2024,0.8,885,32
885,11,11.02,전산,해군,해군교육사령부,202407,202407,20240404,15,20240328,일반기술/전문기술병,4,2024,3.8,886,4
886,7,11.05,조리,해군,해군교육사령부,202407,202407,20240404,11,20240328,일반기술/전문기술병,4,2024,2.8,887,4
887,3,43.39,화생방,해군,해군교육사령부,202407,202407,20240404,12,20240328,일반기술/전문기술병,4,2024,1.3,888,9
888,3,46,건축/토목,해군,해군교육사령부,202407,202407,20240404,10,20240328,일반기술/전문기술병,4,2024,1.4,889,7
889,15,11.24,항공,해군,해군교육사령부,202407,202407,20240404,25,20240328,일반기술/전문기술병,4,2024,2.5,890,10
890,-24,43,기관,해군,해군교육사령부,202407,202407,20240404,14,20240328,일반기술/전문기술병,4,2024,0.4,891,38
891,-1,43.44,전기,해군,해군교육사령부,202407,202407,20240404,18,20240328,일반기술/전문기술병,4,2024,0.9,892,19
892,219,48,수송,해군,해군교육사령부,202407,202407,20240404,266,20240328,일반기술/전문기술병,4,2024,5.7,893,47
893,7,802,동반_갑판,해군,해군교육사령부,202407,202407,20240404,17,20240328,동반입대병,4,2024,1.7,894,10
894,2,803,동반_군사경찰,해군,해군교육사령부,202407,202407,20240404,32,20240328,동반입대병,4,2024,1.1,895,30
895,-5,A43,(1함대)기관,해군,해군교육사령부,202407,202407,20240404,0,20240328,복무지역선택병,4,2024,0,896,5
896,-14,B11.05,(2함대)조리,해군,해군교육사령부,202407,202407,20240404,1,20240328,복무지역선택병,4,2024,0.1,897,15
897,-9,B43,(2함대)기관,해군,해군교육사령부,202407,202407,20240404,0,20240328,복무지역선택병,4,2024,0,898,9
898,-12,A11.05,(1함대)조리,해군,해군교육사령부,202407,202407,20240404,0,20240328,복무지역선택병,4,2024,0,899,12
899,-43,B11,(2함대)일반,해군,해군교육사령부,202407,202407,20240404,11,20240328,복무지역선택병,4,2024,0.2,900,54
900,-23,A11,(1함대)일반,해군,해군교육사령부,202407,202407,20240404,17,20240328,복무지역선택병,4,2024,0.4,901,40
901,24,36,군악병,해군,해군교육사령부,202407,202407,20240404,44,20240328,군악병,4,2024,2.2,902,20
902,10,36.01,문화홍보병,해군,해군교육사령부,202407,202407,20240404,12,20240328,문화홍보병,4,2024,6,903,2
903,2,55.02,어학병_일본어,해군,해군교육사령부,202407,202407,20240404,5,20240328,어학병,4,2024,1.7,904,3
904,-9,55.03,어학병_중국어,해군,해군교육사령부,202407,202407,20240404,1,20240328,어학병,4,2024,0.1,905,10
905,8,55.01,어학병_영어,해군,해군교육사령부,202407,202407,20240404,13,20240328,어학병,4,2024,2.6,906,5
906,-1,53.01,군종병_기독교,해군,해군교육사령부,202407,202407,20240404,1,20240328,군종병,4,2024,0.5,907,2
907,2,53.02,군종병_천주교,해군,해군교육사령부,202407,202407,20240404,3,20240328,군종병,4,2024,3,908,1
908,0,53.03,군종병_불교,해군,해군교육사령부,202407,202407,20240404,1,20240328,군종병,4,2024,1,909,1
909,-3,59,정보보호병,해군,해군교육사령부,202407,202407,20240404,2,20240328,정보보호병,4,2024,0.4,910,5
910,1,63,빅데이터분석병,해군,해군교육사령부,202407,202407,20240404,2,20240328,빅데이터분석병,4,2024,2,911,1
911,6,60,전문의무병,해군,해군교육사령부,202407,202407,20240404,11,20240328,전문의무병,4,2024,2.2,912,5
912,0,64,위생관리병,해군,해군교육사령부,202407,202407,20240404,7,20240328,위생관리병,4,2024,1,913,7
913,248,342.101.,군악,육군,육군훈련소,202407,202407,20240403,379,20240328,전문특기병,29,2024,2.9,914,131
914,178,0001600,영어어학병,육군,육군훈련소,202409,202407,20240403,183,20240328,어학병,4,2024,36.6,915,5
915,149,0001600,영어어학병,육군,육군훈련소,202409,202407,20240403,154,20240328,어학병,4,2024,30.8,916,5
916,152,0001600,영어어학병,육군,육군훈련소,202409,202407,20240403,157,20240328,어학병,4,2024,31.4,917,5
917,31,111275,유해발굴기록병,육군,육군훈련소,202408,202407,20240403,45,20240328,전문특기병,26,2024,3.2,918,14
918,18,411294,유해발굴감식병,육군,육군훈련소,202407,202407,20240403,22,20240328,전문특기병,27,2024,5.5,919,4
919,16,111284,의장병,육군,육군훈련소,202408,202407,20240403,36,20240328,전문특기병,28,2024,1.8,920,20
920,147,321102,특임군사경찰,육군,육군훈련소,202407,202407,20240403,238,20240328,전문특기병,30,2024,2.6,921,91
921,14,111000,JSA경비병,육군,육군훈련소,202408,202407,20240403,34,20240328,전문특기병,31,2024,1.7,922,20
922,17,331267,회계원가비용분석병,육군,육군훈련소,202407,202407,20240403,19,20240328,전문특기병,32,2024,9.5,923,2
923,43,341335,영상콘텐츠디자이너병,육군,육군훈련소,202408,202407,20240403,45,20240328,전문특기병,33,2024,22.5,924,2
924,15,341336,그래픽디자이너병,육군,육군훈련소,202407,202407,20240403,16,20240328,전문특기병,34,2024,16,925,1
925,7,341337,사진콘텐츠디자이너병,육군,육군훈련소,202407,202407,20240403,8,20240328,전문특기병,35,2024,8,926,1
926,102,156101,드론운용/정비병,육군,육군훈련소,202407,202407,20240403,115,20240328,전문특기병,36,2024,8.8,927,13
927,27,152101,신호정보/전자전운용,육군,육군훈련소,202407,202407,20240403,37,20240328,전문특기병,37,2024,3.7,928,10
928,203,112100,특전병,육군,육군훈련소,202408,202407,20240403,293,20240328,전문특기병,38,2024,3.3,929,90
929,6,111292,훈련소조교병,육군,육군훈련소,202408,202407,20240403,66,20240328,전문특기병,39,2024,1.1,930,60
930,5,175104,정보보호병,육군,육군훈련소,202407,202407,20240403,31,20240328,전문특기병,40,2024,1.2,931,26
931,24,175105,SW개발병,육군,육군훈련소,202408,202408,20240403,26,20240328,전문특기병,41,2024,13,932,2
932,-2,17.05,화학,해병,해병대교육훈련단,202407,202407,20240404,16,20240328,일반기술/전문기술병,4,2024,0.9,933,18
933,3,23.01,무기정비,해병,해병대교육훈련단,202407,202407,20240404,32,20240328,일반기술/전문기술병,4,2024,1.1,934,29
934,75,17.04,수색,해병,해병대교육훈련단,202407,202407,20240404,84,20240328,일반기술/전문기술병,4,2024,9.3,935,9
935,142,17.01,일반,해병,해병대교육훈련단,202407,202407,20240404,876,20240328,일반기술/전문기술병,4,2024,1.2,936,734
936,-18,19.03,공병,해병,해병대교육훈련단,202407,202407,20240404,32,20240328,일반기술/전문기술병,4,2024,0.6,937,50
937,-9,32.01,수송,해병,해병대교육훈련단,202407,202407,20240404,170,20240328,일반기술/전문기술병,4,2024,0.9,938,179
938,91,80,동반입대병,해병,해병대교육훈련단,202407,202407,20240404,197,20240328,동반입대병,4,2024,1.9,939,106
939,-8,D001,직계가족복무부대지원입대병,해병,해병대교육훈련단,202407,202407,20240404,12,20240328,직계가족병,4,2024,0.6,940,20
940,17,66,군악병,해병,해병대교육훈련단,202407,202407,20240404,22,20240328,군악병,4,2024,4.4,941,5
941,0,D001,직계가족복무부대지원입대병,육군,12사단,202407,202407,20240403,6,20240327,직계가족병,4,2024,1,942,6
942,10,D001,직계가족복무부대지원입대병,육군,3사단,202407,202407,20240403,26,20240327,직계가족병,4,2024,1.6,943,16
943,10,D001,직계가족복무부대지원입대병,육군,21사단,202407,202407,20240403,13,20240327,직계가족병,4,2024,4.3,944,3
944,-5,D001,직계가족복무부대지원입대병,육군,7사단,202407,202407,20240403,3,20240327,직계가족병,4,2024,0.4,945,8
945,15,D001,직계가족복무부대지원입대병,육군,6사단,202407,202407,20240403,23,20240327,직계가족병,4,2024,2.9,946,8
946,-1,D001,직계가족복무부대지원입대병,육군,15사단,202407,202407,20240403,7,20240327,직계가족병,4,2024,0.9,947,8
947,7,D001,직계가족복무부대지원입대병,육군,5사단,202407,202407,20240403,15,20240327,직계가족병,4,2024,1.9,948,8
948,-3,D001,직계가족복무부대지원입대병,육군,28사단,202407,202407,20240403,5,20240327,직계가족병,4,2024,0.6,949,8
949,-3,H001,연고지복무병,육군,3사단,202407,202407,20240403,13,20240327,연고지복무병,4,2024,0.8,950,16
950,33,H001,연고지복무병,육군,5사단,202407,202407,20240403,41,20240327,연고지복무병,4,2024,5.1,951,8
951,5,H001,연고지복무병,육군,15사단,202407,202407,20240403,11,20240327,연고지복무병,4,2024,1.8,952,6
952,32,H001,연고지복무병,육군,6사단,202407,202407,20240403,40,20240327,연고지복무병,4,2024,5,953,8
953,43,H001,연고지복무병,육군,28사단,202407,202407,20240403,55,20240327,연고지복무병,4,2024,4.6,954,12
954,7,H001,연고지복무병,육군,21사단,202407,202407,20240403,12,20240327,연고지복무병,4,2024,2.4,955,5
955,12,H001,연고지복무병,육군,12사단,202407,202407,20240403,18,20240327,연고지복무병,4,2024,3,956,6
956,4,H001,연고지복무병,육군,7사단,202407,202407,20240403,10,20240327,연고지복무병,4,2024,1.7,957,6
957,236,A001,동반입대병,육군,51사단,202407,202407,20240403,276,20240327,동반입대병,4,2024,6.9,958,40
958,104,A001,동반입대병,육군,36사단,202407,202407,20240403,130,20240327,동반입대병,4,2024,5,959,26
959,266,A001,동반입대병,육군,55사단,202407,202407,20240403,306,20240327,동반입대병,4,2024,7.7,960,40
960,104,A001,동반입대병,육군,3사단,202407,202407,20240403,248,20240327,동반입대병,4,2024,1.7,961,144
961,68,A001,동반입대병,육군,15사단,202407,202407,20240403,164,20240327,동반입대병,4,2024,1.7,962,96
962,38,A001,동반입대병,육군,21사단,202407,202407,20240403,80,20240327,동반입대병,4,2024,1.9,963,42
963,160,A001,동반입대병,육군,28사단,202407,202407,20240403,246,20240327,동반입대병,4,2024,2.9,964,86
